{
    "posts": [
        {
            "no": 436691522,
            "now": "08/02/23(Wed)20:52:38",
            "name": "Anonymous",
            "com": "How the race of men born white masturbate if their race is representated as sexually negative undesired inferior femdom cuckold loser race of men for racial praise of white women who was the only race of the world in racial tv, media, porn industry against men of own race for NIGGER be representated as the male to be praised, and white men the inferior to be jokes, idiots, clowns, no racial value, forced to be with white women only<br><br>Non-white men race masturbate believing that white women/hot females would want their race since white women is the only race of the world with years of racial recorded third world porn, tv, media in racial cuckold porn, ads, tv against men of own race made by corporate white sissy men wanting to get money selling the racial product for third world non-white men population of niggers, shitskins and non-white men race perceive themselves as male, men for females, can lust female, can flirt, and race of men born white perceive themselves as rejected loser race of men, cuckold race, loser race of men used racially negative, loser race of men in the prison for racial praise of the most repulsive disgusting race of women in narrative of white male for racial praise of white women, non-white women against white men for non-white men, white women for non-white men and against men of own race, white men as the only race of men used as jokes, not racially sexually promoted, forced to be with wh<br><br>This is why white men end masturbating for humiliation, frustration, cuckoldry since they grow up believing that they are undesired loser race of men who are watching only the race of white mlae being the losers being disrepected and in femdom narrative by the same race of white women who was representated as subservient sexualized pornfied hole for non-white men races keep as male in same third world corporations for racial sexual benefit of non-white men race and castration, cuckoldry and destruction of race of men born white?",
            "filename": "1532286065146",
            "ext": ".jpg",
            "w": 640,
            "h": 1222,
            "tn_w": 130,
            "tn_h": 250,
            "tim": 1691023958411441,
            "time": 1691023958,
            "md5": "cOE6NEK6LFR4toAfYJcHAw==",
            "fsize": 330013,
            "resto": 0,
            "id": "Lhf8wEYB",
            "m_img": 1,
            "board_flag": "CT",
            "bumplimit": 0,
            "imagelimit": 0,
            "semantic_url": "how-the-race-of-men-born-white-masturbate-if",
            "flag_name": "Catalonia",
            "replies": 1,
            "images": 1,
            "unique_ips": 2
        },
        {
            "no": 436691644,
            "now": "08/02/23(Wed)20:54:06",
            "name": "Anonymous",
            "com": "Thats very interesting, but:<br><br>Let&#039;s see what happens when you apply basic math to the holocaust...<br><br>Jews now claim 900,000 jews were gassed AND cremated at Treblinka 2... down from the multi-million claim of the Nuremberg Trial.<br><br>https://en.wikipedia.org/wiki/Trebl<wbr>inka_extermination_camp#Death_count<wbr><br><br>Treblinka was open from July 23, 1942, to October 19, 1943.<br><br>That&#039;s 453 days... that&#039;s 10,872 hours.<br><br>900,000/453 = 2,000 jews were gassed AND cremated PER DAY if it was magically running 24 hours a day 7 days a week while Germany was fighting for it&#039;s life in a 3-front world war.<br><br>4,000 gassings AND cremations if running 12 hours a day, 7 days a week.<br><br>It takes 2-3 hours to cremate a body with ultra-modern crematoriums.<br><br>https://www.acremation.com/frequent<wbr>ly-asked-questions/#long<br><br>2.5 hours X 900,000 = 2,250,000 hours<br><br>A body leaves behind around 7 pounds of ash, the size of a shoe box.<br><br>900,000 x 7 pounds = 6,300,000 pounds or 3,150 tons<br><br>http://sturmfh.com/34/Cremation-Ser<wbr>vices.html<br><br>Roughly the size and weight of 40 Blue Whales<br><br>All buried in this tiny corner of the 33 ACRE CAMP.<br><br>28,800,000 teeth.<br><br>243,000,000 bones to leave ash and fragments.<br><br>Never to be found again.<br><br>For reference, New York&#039;s central Park is 843 acres. The Mall of America is 67 acres.<br><br><span class=\"quote\">&gt;people can&#039;t afford to have children</span><br><span class=\"quote\">&gt;people can&#039;t afford to buy a home</span><br><span class=\"quote\">&gt;people can&#039;t afford to buy a car</span><br><span class=\"quote\">&gt;people can&#039;t afford to buy groceries</span><br>&quot;WE NEED TO PROTECT THE JEWS&quot;",
            "filename": "0A406FB5-AA0A-4802-BF9D-F6A30CDA1AE2",
            "ext": ".jpg",
            "w": 623,
            "h": 457,
            "tn_w": 125,
            "tn_h": 91,
            "tim": 1691024046754654,
            "time": 1691024046,
            "md5": "wcEOuQ8yUDOE1OgkKYpdHQ==",
            "fsize": 76723,
            "resto": 436691522,
            "id": "Hj7li1tm",
            "country": "CA",
            "country_name": "Canada"
        }
    ]
}