{
    "posts": [
        {
            "no": 124205675,
            "sticky": 1,
            "closed": 1,
            "now": "05/05/17(Fri)10:07:06",
            "name": "Anonymous",
            "sub": "Welcome to /pol/ - Politically Incorrect",
            "com": "This board is for the discussion of news, world events, political issues, and other related topics.<br>\n<br>\nOff-topic and /b/-tier threads will be deleted (and possibly earn you a ban, if you persist). Unless they are quality, well thought out, well written posts, the following are some examples of off-topic and/or /b/-tier threads:<br>\n<br>\n<span class=\"quote\">&gt;Red pill me on X. (with no extra content or input of your own)</span><br>\n<span class=\"quote\">&gt;Are X white?</span><br>\n<span class=\"quote\">&gt;Is X degeneracy?</span><br>\n<span class=\"quote\">&gt;How come X girls love Y guys so much?</span><br>\n<span class=\"quote\">&gt;If X is true, then how come Y? Checkmate Z.</span><br>\n<br>\nThe variety of threads allowed here are very flexible and we believe in freedom of speech, but we expect a high level of discourse befitting of the board. Attempts to disrupt the board will not be tolerated, nor will calls to disrupt other boards and sites.<br>\n<br>\nIf you want a place to discuss topics not related to news, world events, or politics, please try <a href=\"https://boards.4chan.org/bant/\">/bant/ - International/Random</a>,",
            "filename": "sticky",
            "ext": ".jpg",
            "w": 1600,
            "h": 1131,
            "tn_w": 250,
            "tn_h": 176,
            "tim": 1493993226750,
            "time": 1493993226,
            "md5": "066YJcEQYoIrSVN/wlV9HA==",
            "fsize": 750589,
            "resto": 0,
            "id": "0YfyXDAB",
            "country": "US",
            "m_img": 1,
            "semantic_url": "welcome-to-pol-politically-incorrect",
            "country_name": "United States",
            "replies": 0,
            "images": 0,
            "unique_ips": 1
        }
    ]
}