post_id,date_time,subject,comment/reply,name,is_op?,url
436686988,"Aug-02-2023, 20:00:10",/coon/ - Comfy Ongoing Occurrence in Niger #12,"Previous: >>436644869

By posting in this thread you acknowledge that the US State Department and Israel funded, organized and directly aided ISIS/ISIL.

▶Latest
>US State Dept raises Travel Advisory for Niger to ""Level 4: Do Not Travel""
>US preparing to evacuate US Embassy personnel from Niger https://archive.il/akrpn
>NigElec reports rolling blackouts in Niger's capital, Niamey, due to Nigeria (who supply 70%) cutting power https://archive.li/KB98A
>Riots in Senegal after Monday's arrest of opposition leader Ousmane Sonko
>Niger has reopened air and land borders with Algeria, Libya, Mali, Chad and Burkina Faso (but not Nigeria)
>France, Germany, Italy and Spain are evacuating their citizens
>Algerian defense officials meet with Shoigu who is ready to improve their combat capabilities
>Sierra Leone arrests 'several' senior military officers suspected of planning violence in the next two weeks https://archive.today/wYody
>Algerian Foreign Ministry statement condemns, and urges end to, 'coup'
>West African countries call on Niger coup leaders to reinstate former president, give 6th August deadline
>Niger coup: ‘Why I want Russia in and France out': BBC https://archive.today/UNdvF
>Mali, Burkina Faso warn foreign military intervention will be seen as a declaration of war on them
>Biden administration unwilling to call Niger coup a ‘coup’
>U.S. sees 'narrow opportunity' to reverse coup in Niger as ousted president meets Chad’s leader
>Niger faces sanctions, adding to woes for more than 25 million people
>West African central bank cancels Niger $51m bond issuance due to sanctions

▶Background:
https://www.youtube.com/watch?v=_-u1Pjce4Lg

▶Maps
>https://zoom.earth/places/niger/

▶Sources
>https://thenigertimes.com/",Anonymous,True,http://boards.4chan.org/pol/thread/436686988/coon-comfy-ongoing-occurrence-in-niger-12#p436686988
436687078,"Aug-02-2023, 20:01:09",No Subject,death to judea,Anonymous,False,http://boards.4chan.org/pol/thread/436686988/coon-comfy-ongoing-occurrence-in-niger-12#p436687078
436687148,"Aug-02-2023, 20:01:56",No Subject,"(REPLY) >>436687078
based and juden pilled",Anonymous,False,http://boards.4chan.org/pol/thread/436686988/coon-comfy-ongoing-occurrence-in-niger-12#p436687148
436687199,"Aug-02-2023, 20:02:28",No Subject,"(REPLY) >>436686988
Is Niger going to get invaded or will it be a nothingburger?",Anonymous,False,http://boards.4chan.org/pol/thread/436686988/coon-comfy-ongoing-occurrence-in-niger-12#p436687199
436687333,"Aug-02-2023, 20:03:51",No Subject,"(REPLY) >>436686988
>>436687199
Checked
Blessed coon thread",Anonymous,False,http://boards.4chan.org/pol/thread/436686988/coon-comfy-ongoing-occurrence-in-niger-12#p436687333
436687547,"Aug-02-2023, 20:06:34",No Subject,"(REPLY) >>436686988
Hahaha my edit made it as a cover of the /coon/ general.",Anonymous,False,http://boards.4chan.org/pol/thread/436686988/coon-comfy-ongoing-occurrence-in-niger-12#p436687547
436687555,"Aug-02-2023, 20:06:42",No Subject,"Ivory coast's security council says that they would participate in a potential ECOWAS intervention in Niger to restore ""constitutional order"", country's presidency says",Anonymous,False,http://boards.4chan.org/pol/thread/436686988/coon-comfy-ongoing-occurrence-in-niger-12#p436687555
436687570,"Aug-02-2023, 20:06:50",No Subject,">BREAKING
Ivory Coast president announces that they will participate in any military actions against Niger.",Anonymous,False,http://boards.4chan.org/pol/thread/436686988/coon-comfy-ongoing-occurrence-in-niger-12#p436687570
436687754,"Aug-02-2023, 20:09:00",No Subject,"(REPLY) >>436687547
Very nice. Congratulations.",Anonymous,False,http://boards.4chan.org/pol/thread/436686988/coon-comfy-ongoing-occurrence-in-niger-12#p436687754
436687767,"Aug-02-2023, 20:09:07",No Subject,">coon
lel",Anonymous,False,http://boards.4chan.org/pol/thread/436686988/coon-comfy-ongoing-occurrence-in-niger-12#p436687767
436687855,"Aug-02-2023, 20:10:06",No Subject,"(REPLY) >>436687199
>>436687333
>>436687555

Jesus Christ that’s a lot of digits in so few replies. Perchance a happening shall soon (within a fortnight)…. Happen?

Thread much appreciated",Anonymous,False,http://boards.4chan.org/pol/thread/436686988/coon-comfy-ongoing-occurrence-in-niger-12#p436687855
436688009,"Aug-02-2023, 20:11:51",No Subject,Bump,Anonymous,False,http://boards.4chan.org/pol/thread/436686988/coon-comfy-ongoing-occurrence-in-niger-12#p436688009
436688013,"Aug-02-2023, 20:11:53",No Subject,"(REPLY) >>436687767
/coon/ shone among other potential names floated such as:
/nig/
/tnd/
/aids/
These threads were always destined for greatness.
>>436687855
>shill shows up and says nothing ever happens
>literally one second later video of Nigerien paratroopers seizing a Nigerian power plant
Watch it happen.",Anonymous,False,http://boards.4chan.org/pol/thread/436686988/coon-comfy-ongoing-occurrence-in-niger-12#p436688013
436688073,"Aug-02-2023, 20:12:31",No Subject,"(REPLY) >>436687754
Lel thx",Anonymous,False,http://boards.4chan.org/pol/thread/436686988/coon-comfy-ongoing-occurrence-in-niger-12#p436688073
436688087,"Aug-02-2023, 20:12:37",No Subject,"(REPLY) >>436687199
Probably invaded once the sanctions fail.
Wagner is there already and coup leaders told ECOWAS to go fuck themselves so invasion next on table to 'restore democracy' or restore their western puppet.",Anonymous,False,http://boards.4chan.org/pol/thread/436686988/coon-comfy-ongoing-occurrence-in-niger-12#p436688087
436688202,"Aug-02-2023, 20:13:54",No Subject,"(REPLY) >>436687855
Checked noticer. Happenings soon.",Anonymous,False,http://boards.4chan.org/pol/thread/436686988/coon-comfy-ongoing-occurrence-in-niger-12#p436688202
436688278,"Aug-02-2023, 20:14:35",No Subject,"I think Russia is overreaching, do they really expect to also control west africa too? 
They were making steps to get closer relations with nigeria, and iirc nigeria even applied for BRICS so the current admin isn't just a western puppet, this is strange.",Anonymous,False,http://boards.4chan.org/pol/thread/436686988/coon-comfy-ongoing-occurrence-in-niger-12#p436688278
436688511,"Aug-02-2023, 20:17:02",No Subject,Nigger,Anonymous,False,http://boards.4chan.org/pol/thread/436686988/coon-comfy-ongoing-occurrence-in-niger-12#p436688511
436688619,"Aug-02-2023, 20:17:59",No Subject,"(REPLY) >>436688013
Not a shill. A man with tamed excitement in his heart longing for one thing: total nigger death.

>>436688202
Waiting watchfully",Anonymous,False,http://boards.4chan.org/pol/thread/436686988/coon-comfy-ongoing-occurrence-in-niger-12#p436688619
436688664,"Aug-02-2023, 20:18:38",No Subject,"(REPLY) >>436688278
nigeria wants the trans-saharan gas pipeline to happen no matter what",Anonymous,False,http://boards.4chan.org/pol/thread/436686988/coon-comfy-ongoing-occurrence-in-niger-12#p436688664
436688802,"Aug-02-2023, 20:20:10",No Subject,"(REPLY) >>436688278
they cant even control the air space over their capital
but you don't need much to dominate niggers, so who knows",Anonymous,False,http://boards.4chan.org/pol/thread/436686988/coon-comfy-ongoing-occurrence-in-niger-12#p436688802
436689172,"Aug-02-2023, 20:24:23",No Subject,"(REPLY) >>436686988
>ECOWAS is resolved to use military force because economic and travel sanctions have failed to roll back other coups, said a Western diplomat in Niamey, who did not want to be identified for security reasons.
>Western diplomat
>CIA
it's totally going to be a happening. I don't believe France either when they said there's 'no issue' with uranium supplies to their reactors now that Niger kicked them out. The whole reason they were there in the first place was for that cheap uranium.",Anonymous,False,http://boards.4chan.org/pol/thread/436686988/coon-comfy-ongoing-occurrence-in-niger-12#p436689172
436689759,"Aug-02-2023, 20:31:02",No Subject,">https://thenigertimes.com/
That site doesn't have any articles past 2018.
I did a bit of digging and found the following local MSM sources, all are in French only though.
http://www.anp.ne/toute-l-actualite ""Agence Nigerienne de Presse"" A Niger based press agency
http://news.aniamey.com/ This looks like the Niger news portion of some African media group called ""weblogy group"".
https://www.lesahel.org/ ""Office National d'Edition et de presse"" another Niger based press agency
https://apr-news.fr/fr/mots-cles/niger ""agence de presse regionale"" This is an African based news agency with offices in Cape Verde and Djibouti. This is the link to their Niger articles. Note that the english and french version of the site appear to have different articles, not sure if I'm being retarded here.
http://niger-gouv.org/orgprofmedias.html This is a government list of Niger based news organisations. It also links back to the official Niger gov website if that interests you.

I'll keep looking and post if I find anything more or any english sources.",Anonymous,False,http://boards.4chan.org/pol/thread/436686988/coon-comfy-ongoing-occurrence-in-niger-12#p436689759
436690175,"Aug-02-2023, 20:36:13",No Subject,Rolling for massive continent wide war that kills hundrededs of millions of niggers.,Anonymous,False,http://boards.4chan.org/pol/thread/436686988/coon-comfy-ongoing-occurrence-in-niger-12#p436690175
436690449,"Aug-02-2023, 20:39:21",No Subject,"(REPLY) >>436687199
Cute Amina, bro.
>Saved",Anonymous,False,http://boards.4chan.org/pol/thread/436686988/coon-comfy-ongoing-occurrence-in-niger-12#p436690449
436690628,"Aug-02-2023, 20:41:30",No Subject,Why is it that kikes are freaking out over this? So far it should be frogs alone seething.,Anonymous,False,http://boards.4chan.org/pol/thread/436686988/coon-comfy-ongoing-occurrence-in-niger-12#p436690628
436690744,"Aug-02-2023, 20:43:04",No Subject,"(REPLY) >>436690175
don't think they're capable of such organization
some pretty efficient logistical work had to be done to get so many people killed in WWI",Anonymous,False,http://boards.4chan.org/pol/thread/436686988/coon-comfy-ongoing-occurrence-in-niger-12#p436690744
436690826,"Aug-02-2023, 20:44:01",No Subject,"(REPLY) >>436687199
Hard to tell, a lot of anti-France sentiments throughout the region (more than normal that is), could be an Arab spring scenario.",Anonymous,False,http://boards.4chan.org/pol/thread/436686988/coon-comfy-ongoing-occurrence-in-niger-12#p436690826
436690896,"Aug-02-2023, 20:44:47",No Subject,"(REPLY) >>436686988
Some TG channels i follow apparently (im too lazy to google) are mixing up the gentilic names of Niger and Nigeria and i dont know what the fuck is going on anymore",Anonymous,False,http://boards.4chan.org/pol/thread/436686988/coon-comfy-ongoing-occurrence-in-niger-12#p436690896
436691113,"Aug-02-2023, 20:47:33",No Subject,"(REPLY) >>436686988
So from my understanding, this is just the gay parts of Africa (not Uganda and Ethiopia) beating off the gay frogs? What's there to lose from both imploding.",Anonymous,False,http://boards.4chan.org/pol/thread/436686988/coon-comfy-ongoing-occurrence-in-niger-12#p436691113
436691210,"Aug-02-2023, 20:48:44",No Subject,"(REPLY) >>436690175
I'm hoping a bunch of black Americans end up going there in some rap music fueled foreign legion
>Ayo we dah first Wakandan Division fools",Anonymous,False,http://boards.4chan.org/pol/thread/436686988/coon-comfy-ongoing-occurrence-in-niger-12#p436691210
436691295,"Aug-02-2023, 20:49:42",No Subject,"(REPLY) >>436690628
If a billion chimpanzees with guns are all grunting over the declining banana supply you'd best be nervous if some asshole tosses a chair at them",Anonymous,False,http://boards.4chan.org/pol/thread/436686988/coon-comfy-ongoing-occurrence-in-niger-12#p436691295
