{
    "posts": [
        {
            "no": 436686988,
            "now": "08/02/23(Wed)20:00:10",
            "name": "Anonymous",
            "sub": "/coon/ - Comfy Ongoing Occurrence in Niger #12",
            "com": "Previous: <a href=\"/pol/thread/436644869#p436644869\" class=\"quotelink\">&gt;&gt;436644869</a><br><br>By posting in this thread you acknowledge that the US State Department and Israel funded, organized and directly aided ISIS/ISIL.<br><br>\u25b6Latest<br><span class=\"quote\">&gt;US State Dept raises Travel Advisory for Niger to &quot;Level 4: Do Not Travel&quot;</span><br><span class=\"quote\">&gt;US preparing to evacuate US Embassy personnel from Niger https://archive.il/akrpn</span><br><span class=\"quote\">&gt;NigElec reports rolling blackouts in Niger&#039;s capital, Niamey, due to Nigeria (who supply 70%) cutting power https://archive.li/KB98A</span><br><span class=\"quote\">&gt;Riots in Senegal after Monday&#039;s arrest of opposition leader Ousmane Sonko</span><br><span class=\"quote\">&gt;Niger has reopened air and land borders with Algeria, Libya, Mali, Chad and Burkina Faso (but not Nigeria)</span><br><span class=\"quote\">&gt;France, Germany, Italy and Spain are evacuating their citizens</span><br><span class=\"quote\">&gt;Algerian defense officials meet with Shoigu who is ready to improve their combat capabilities</span><br><span class=\"quote\">&gt;Sierra Leone arrests &#039;several&#039; senior military officers suspected of planning violence in the next two weeks https://archive.today/wYody</span><br><span class=\"quote\">&gt;Algerian Foreign Ministry statement condemns, and urges end to, &#039;coup&#039;</span><br><span class=\"quote\">&gt;West African countries call on Niger coup leaders to reinstate former president, give 6th August deadline</span><br><span class=\"quote\">&gt;Niger coup: \u2018Why I want Russia in and France out&#039;: BBC https://archive.today/UNdvF</span><br><span class=\"quote\">&gt;Mali, Burkina Faso warn foreign military intervention will be seen as a declaration of war on them</span><br><span class=\"quote\">&gt;Biden administration unwilling to call Niger coup a \u2018coup\u2019</span><br><span class=\"quote\">&gt;U.S. sees &#039;narrow opportunity&#039; to reverse coup in Niger as ousted president meets Chad\u2019s leader</span><br><span class=\"quote\">&gt;Niger faces sanctions, adding to woes for more than 25 million people</span><br><span class=\"quote\">&gt;West African central bank cancels Niger $51m bond issuance due to sanctions</span><br><br>\u25b6Background:<br>https://www.youtube.com/watch?v=_-u<wbr>1Pjce4Lg<br><br>\u25b6Maps<br><span class=\"quote\">&gt;https://zoom.earth/places/niger/</span><br><br>\u25b6Sources<br><span class=\"quote\">&gt;https://thenigertimes.com/</span>",
            "filename": "file",
            "ext": ".png",
            "w": 1187,
            "h": 1152,
            "tn_w": 249,
            "tn_h": 242,
            "tim": 1691020810564401,
            "time": 1691020810,
            "md5": "xYretd17VGbZWXf+2PbIdQ==",
            "fsize": 1424396,
            "resto": 0,
            "id": "qaDwiTUu",
            "country": "FI",
            "m_img": 1,
            "bumplimit": 0,
            "imagelimit": 0,
            "semantic_url": "coon-comfy-ongoing-occurrence-in-niger-12",
            "country_name": "Finland",
            "replies": 32,
            "images": 11,
            "unique_ips": 22
        },
        {
            "no": 436687078,
            "now": "08/02/23(Wed)20:01:09",
            "name": "Anonymous",
            "com": "death to judea",
            "time": 1691020869,
            "resto": 436686988,
            "id": "taYD8aEt",
            "country": "CA",
            "country_name": "Canada"
        },
        {
            "no": 436687148,
            "now": "08/02/23(Wed)20:01:56",
            "name": "Anonymous",
            "com": "<a href=\"#p436687078\" class=\"quotelink\">&gt;&gt;436687078</a><br>based and juden pilled",
            "time": 1691020916,
            "resto": 436686988,
            "id": "lNsobg0/",
            "country": "US",
            "country_name": "United States"
        },
        {
            "no": 436687199,
            "now": "08/02/23(Wed)20:02:28",
            "name": "Anonymous",
            "com": "<a href=\"#p436686988\" class=\"quotelink\">&gt;&gt;436686988</a><br>Is Niger going to get invaded or will it be a nothingburger?",
            "filename": "IMG_9929",
            "ext": ".png",
            "w": 512,
            "h": 512,
            "tn_w": 125,
            "tn_h": 125,
            "tim": 1691020948017531,
            "time": 1691020948,
            "md5": "EpJ6PZKnuraqbpSkht/ISA==",
            "fsize": 302253,
            "resto": 436686988,
            "id": "JTUk5+wr",
            "country": "US",
            "country_name": "United States"
        },
        {
            "no": 436687333,
            "now": "08/02/23(Wed)20:03:51",
            "name": "Anonymous",
            "com": "<a href=\"#p436686988\" class=\"quotelink\">&gt;&gt;436686988</a><br><a href=\"#p436687199\" class=\"quotelink\">&gt;&gt;436687199</a><br>Checked<br>Blessed coon thread",
            "time": 1691021031,
            "resto": 436686988,
            "id": "Rjs3iX4w",
            "country": "US",
            "country_name": "United States"
        },
        {
            "no": 436687547,
            "now": "08/02/23(Wed)20:06:34",
            "name": "Anonymous",
            "com": "<a href=\"#p436686988\" class=\"quotelink\">&gt;&gt;436686988</a><br>Hahaha my edit made it as a cover of the /coon/ general.",
            "filename": "1689633355336550",
            "ext": ".jpg",
            "w": 755,
            "h": 768,
            "tn_w": 122,
            "tn_h": 125,
            "tim": 1691021194930088,
            "time": 1691021194,
            "md5": "j0/vhcp5QaQP0coZ0HdUhA==",
            "fsize": 89131,
            "resto": 436686988,
            "id": "8Jbfm2+f",
            "country": "MX",
            "country_name": "Mexico"
        },
        {
            "no": 436687555,
            "now": "08/02/23(Wed)20:06:42",
            "name": "Anonymous",
            "com": "Ivory coast&#039;s security council says that they would participate in a potential ECOWAS intervention in Niger to restore &quot;constitutional order&quot;, country&#039;s presidency says",
            "time": 1691021202,
            "resto": 436686988,
            "id": "mLjzYzzE",
            "country": "CA",
            "country_name": "Canada"
        },
        {
            "no": 436687570,
            "now": "08/02/23(Wed)20:06:50",
            "name": "Anonymous",
            "com": "<span class=\"quote\">&gt;BREAKING</span><br>Ivory Coast president announces that they will participate in any military actions against Niger.",
            "filename": "violence",
            "ext": ".png",
            "w": 328,
            "h": 396,
            "tn_w": 103,
            "tn_h": 124,
            "tim": 1691021210887535,
            "time": 1691021210,
            "md5": "tkSZRmcz5h834dKMn/gdMA==",
            "fsize": 146224,
            "resto": 436686988,
            "id": "L8K8HbO6",
            "country": "CO",
            "country_name": "Colombia"
        },
        {
            "no": 436687754,
            "now": "08/02/23(Wed)20:09:00",
            "name": "Anonymous",
            "com": "<a href=\"#p436687547\" class=\"quotelink\">&gt;&gt;436687547</a><br>Very nice. Congratulations.",
            "filename": "1689712430943406",
            "ext": ".gif",
            "w": 640,
            "h": 480,
            "tn_w": 125,
            "tn_h": 93,
            "tim": 1691021340341845,
            "time": 1691021340,
            "md5": "id8e2JpuxitnZWw7HfGj9A==",
            "fsize": 371529,
            "resto": 436686988,
            "id": "Rjs3iX4w",
            "country": "US",
            "country_name": "United States"
        },
        {
            "no": 436687767,
            "now": "08/02/23(Wed)20:09:07",
            "name": "Anonymous",
            "com": "<span class=\"quote\">&gt;coon</span><br>lel",
            "time": 1691021347,
            "resto": 436686988,
            "id": "XpoxSFuG",
            "country": "NL",
            "country_name": "Netherlands"
        },
        {
            "no": 436687855,
            "now": "08/02/23(Wed)20:10:06",
            "name": "Anonymous",
            "com": "<a href=\"#p436687199\" class=\"quotelink\">&gt;&gt;436687199</a><br><a href=\"#p436687333\" class=\"quotelink\">&gt;&gt;436687333</a><br><a href=\"#p436687555\" class=\"quotelink\">&gt;&gt;436687555</a><br><br>Jesus Christ that\u2019s a lot of digits in so few replies. Perchance a happening shall soon (within a fortnight)\u2026. Happen?<br><br>Thread much appreciated",
            "filename": "IMG_9091",
            "ext": ".png",
            "w": 463,
            "h": 703,
            "tn_w": 82,
            "tn_h": 125,
            "tim": 1691021406414282,
            "time": 1691021406,
            "md5": "N9KCFG5tQUXPuBGPm7HCZA==",
            "fsize": 33022,
            "resto": 436686988,
            "id": "UypRhRYg",
            "country": "US",
            "country_name": "United States"
        },
        {
            "no": 436688009,
            "now": "08/02/23(Wed)20:11:51",
            "name": "Anonymous",
            "com": "Bump",
            "filename": "1690592715856782m",
            "ext": ".jpg",
            "w": 808,
            "h": 1024,
            "tn_w": 98,
            "tn_h": 125,
            "tim": 1691021511665017,
            "time": 1691021511,
            "md5": "nskzwTY6W1/yvTuvZTAqWA==",
            "fsize": 238481,
            "resto": 436686988,
            "id": "Rjs3iX4w",
            "country": "US",
            "country_name": "United States"
        },
        {
            "no": 436688013,
            "now": "08/02/23(Wed)20:11:53",
            "name": "Anonymous",
            "com": "<a href=\"#p436687767\" class=\"quotelink\">&gt;&gt;436687767</a><br>/coon/ shone among other potential names floated such as:<br>/nig/<br>/tnd/<br>/aids/<br>These threads were always destined for greatness.<br><a href=\"#p436687855\" class=\"quotelink\">&gt;&gt;436687855</a><br><span class=\"quote\">&gt;shill shows up and says nothing ever happens</span><br><span class=\"quote\">&gt;literally one second later video of Nigerien paratroopers seizing a Nigerian power plant</span><br>Watch it happen.",
            "time": 1691021513,
            "resto": 436686988,
            "id": "xvdue1DA",
            "country": "CA",
            "country_name": "Canada"
        },
        {
            "no": 436688073,
            "now": "08/02/23(Wed)20:12:31",
            "name": "Anonymous",
            "com": "<a href=\"#p436687754\" class=\"quotelink\">&gt;&gt;436687754</a><br>Lel thx",
            "time": 1691021551,
            "resto": 436686988,
            "id": "8Jbfm2+f",
            "country": "MX",
            "country_name": "Mexico"
        },
        {
            "no": 436688087,
            "now": "08/02/23(Wed)20:12:37",
            "name": "Anonymous",
            "com": "<a href=\"#p436687199\" class=\"quotelink\">&gt;&gt;436687199</a><br>Probably invaded once the sanctions fail.<br>Wagner is there already and coup leaders told ECOWAS to go fuck themselves so invasion next on table to &#039;restore democracy&#039; or restore their western puppet.",
            "time": 1691021557,
            "resto": 436686988,
            "id": "rawKVXty",
            "country": "CA",
            "country_name": "Canada"
        },
        {
            "no": 436688202,
            "now": "08/02/23(Wed)20:13:54",
            "name": "Anonymous",
            "com": "<a href=\"#p436687855\" class=\"quotelink\">&gt;&gt;436687855</a><br>Checked noticer. Happenings soon.",
            "filename": "1689996368054820",
            "ext": ".gif",
            "w": 978,
            "h": 827,
            "tn_w": 125,
            "tn_h": 105,
            "tim": 1691021634403430,
            "time": 1691021634,
            "md5": "+VbPIK10I+T9R5q8cHyIVw==",
            "fsize": 1170646,
            "resto": 436686988,
            "id": "Rjs3iX4w",
            "country": "US",
            "country_name": "United States"
        },
        {
            "no": 436688278,
            "now": "08/02/23(Wed)20:14:35",
            "name": "Anonymous",
            "com": "I think Russia is overreaching, do they really expect to also control west africa too? <br>They were making steps to get closer relations with nigeria, and iirc nigeria even applied for BRICS so the current admin isn&#039;t just a western puppet, this is strange.",
            "filename": "1647309682327",
            "ext": ".png",
            "w": 612,
            "h": 491,
            "tn_w": 125,
            "tn_h": 100,
            "tim": 1691021675511125,
            "time": 1691021675,
            "md5": "Tpj4GrRBjHw4E1XUy668DA==",
            "fsize": 99932,
            "resto": 436686988,
            "id": "1C5s+qzh",
            "country": "GB",
            "country_name": "United Kingdom"
        },
        {
            "no": 436688511,
            "now": "08/02/23(Wed)20:17:02",
            "name": "Anonymous",
            "com": "Nigger",
            "time": 1691021822,
            "resto": 436686988,
            "id": "Rjs3iX4w",
            "country": "US",
            "country_name": "United States"
        },
        {
            "no": 436688619,
            "now": "08/02/23(Wed)20:17:59",
            "name": "Anonymous",
            "com": "<a href=\"#p436688013\" class=\"quotelink\">&gt;&gt;436688013</a><br>Not a shill. A man with tamed excitement in his heart longing for one thing: total nigger death.<br><br><a href=\"#p436688202\" class=\"quotelink\">&gt;&gt;436688202</a><br>Waiting watchfully",
            "time": 1691021879,
            "resto": 436686988,
            "id": "UypRhRYg",
            "country": "US",
            "country_name": "United States"
        },
        {
            "no": 436688664,
            "now": "08/02/23(Wed)20:18:38",
            "name": "Anonymous",
            "com": "<a href=\"#p436688278\" class=\"quotelink\">&gt;&gt;436688278</a><br>nigeria wants the trans-saharan gas pipeline to happen no matter what",
            "time": 1691021918,
            "resto": 436686988,
            "id": "We7KfFGr",
            "country": "DZ",
            "country_name": "Algeria"
        },
        {
            "no": 436688802,
            "now": "08/02/23(Wed)20:20:10",
            "name": "Anonymous",
            "com": "<a href=\"#p436688278\" class=\"quotelink\">&gt;&gt;436688278</a><br>they cant even control the air space over their capital<br>but you don&#039;t need much to dominate niggers, so who knows",
            "time": 1691022010,
            "resto": 436686988,
            "id": "UDupOH6n",
            "country": "CA",
            "country_name": "Canada"
        },
        {
            "no": 436689172,
            "now": "08/02/23(Wed)20:24:23",
            "name": "Anonymous",
            "com": "<a href=\"#p436686988\" class=\"quotelink\">&gt;&gt;436686988</a><br><span class=\"quote\">&gt;ECOWAS is resolved to use military force because economic and travel sanctions have failed to roll back other coups, said a Western diplomat in Niamey, who did not want to be identified for security reasons.</span><br><span class=\"quote\">&gt;Western diplomat</span><br><span class=\"quote\">&gt;CIA</span><br>it&#039;s totally going to be a happening. I don&#039;t believe France either when they said there&#039;s &#039;no issue&#039; with uranium supplies to their reactors now that Niger kicked them out. The whole reason they were there in the first place was for that cheap uranium.",
            "filename": "0f1",
            "ext": ".jpg",
            "w": 680,
            "h": 739,
            "tn_w": 115,
            "tn_h": 125,
            "tim": 1691022263311382,
            "time": 1691022263,
            "md5": "8pe5TsRfH+JV+3PD7qug/A==",
            "fsize": 73431,
            "resto": 436686988,
            "id": "rawKVXty",
            "country": "CA",
            "country_name": "Canada"
        },
        {
            "no": 436689759,
            "now": "08/02/23(Wed)20:31:02",
            "name": "Anonymous",
            "com": "<span class=\"quote\">&gt;https://thenigertimes.com/</span><br>That site doesn&#039;t have any articles past 2018.<br>I did a bit of digging and found the following local MSM sources, all are in French only though.<br>http://www.anp.ne/toute-l-actualite<wbr> &quot;Agence Nigerienne de Presse&quot; A Niger based press agency<br>http://news.aniamey.com/ This looks like the Niger news portion of some African media group called &quot;weblogy group&quot;.<br>https://www.lesahel.org/ &quot;Office National d&#039;Edition et de presse&quot; another Niger based press agency<br>https://apr-news.fr/fr/mots-cles/ni<wbr>ger &quot;agence de presse regionale&quot; This is an African based news agency with offices in Cape Verde and Djibouti. This is the link to their Niger articles. Note that the english and french version of the site appear to have different articles, not sure if I&#039;m being retarded here.<br>http://niger-gouv.org/orgprofmedias<wbr>.html This is a government list of Niger based news organisations. It also links back to the official Niger gov website if that interests you.<br><br>I&#039;ll keep looking and post if I find anything more or any english sources.",
            "filename": "angry king pepe",
            "ext": ".jpg",
            "w": 841,
            "h": 697,
            "tn_w": 125,
            "tn_h": 103,
            "tim": 1691022662245489,
            "time": 1691022662,
            "md5": "2SgVNWVrpF1b+T5n0WAdLg==",
            "fsize": 76985,
            "resto": 436686988,
            "id": "v5/jGfEx",
            "country": "CA",
            "country_name": "Canada"
        },
        {
            "no": 436690175,
            "now": "08/02/23(Wed)20:36:13",
            "name": "Anonymous",
            "com": "Rolling for massive continent wide war that kills hundrededs of millions of niggers.",
            "filename": "1687120924833433",
            "ext": ".png",
            "w": 852,
            "h": 944,
            "tn_w": 112,
            "tn_h": 125,
            "tim": 1691022973128361,
            "time": 1691022973,
            "md5": "OZZvYmckinp393JpNxwCFg==",
            "fsize": 71888,
            "resto": 436686988,
            "id": "taYD8aEt",
            "country": "CA",
            "country_name": "Canada"
        },
        {
            "no": 436690449,
            "now": "08/02/23(Wed)20:39:21",
            "name": "Anonymous",
            "com": "<a href=\"#p436687199\" class=\"quotelink\">&gt;&gt;436687199</a><br>Cute Amina, bro.<br><span class=\"quote\">&gt;Saved</span>",
            "time": 1691023161,
            "resto": 436686988,
            "id": "ObyAgJoV",
            "country": "CA",
            "country_name": "Canada"
        },
        {
            "no": 436690628,
            "now": "08/02/23(Wed)20:41:30",
            "name": "Anonymous",
            "com": "Why is it that kikes are freaking out over this? So far it should be frogs alone seething.",
            "time": 1691023290,
            "resto": 436686988,
            "id": "ZvXj34z7",
            "board_flag": "AC",
            "flag_name": "Anarcho-Capitalist"
        },
        {
            "no": 436690744,
            "now": "08/02/23(Wed)20:43:04",
            "name": "Anonymous",
            "com": "<a href=\"#p436690175\" class=\"quotelink\">&gt;&gt;436690175</a><br>don&#039;t think they&#039;re capable of such organization<br>some pretty efficient logistical work had to be done to get so many people killed in WWI",
            "time": 1691023384,
            "resto": 436686988,
            "id": "NxOlNIce",
            "country": "US",
            "country_name": "United States"
        },
        {
            "no": 436690826,
            "now": "08/02/23(Wed)20:44:01",
            "name": "Anonymous",
            "com": "<a href=\"#p436687199\" class=\"quotelink\">&gt;&gt;436687199</a><br>Hard to tell, a lot of anti-France sentiments throughout the region (more than normal that is), could be an Arab spring scenario.",
            "time": 1691023441,
            "resto": 436686988,
            "id": "v5/jGfEx",
            "country": "CA",
            "country_name": "Canada"
        },
        {
            "no": 436690896,
            "now": "08/02/23(Wed)20:44:47",
            "name": "Anonymous",
            "com": "<a href=\"#p436686988\" class=\"quotelink\">&gt;&gt;436686988</a><br>Some TG channels i follow apparently (im too lazy to google) are mixing up the gentilic names of Niger and Nigeria and i dont know what the fuck is going on anymore",
            "time": 1691023487,
            "resto": 436686988,
            "id": "vbcdKHPH",
            "board_flag": "CT",
            "flag_name": "Catalonia"
        },
        {
            "no": 436691113,
            "now": "08/02/23(Wed)20:47:33",
            "name": "Anonymous",
            "com": "<a href=\"#p436686988\" class=\"quotelink\">&gt;&gt;436686988</a><br>So from my understanding, this is just the gay parts of Africa (not Uganda and Ethiopia) beating off the gay frogs? What&#039;s there to lose from both imploding.",
            "time": 1691023653,
            "resto": 436686988,
            "id": "FBx9S9k+",
            "country": "US",
            "country_name": "United States"
        },
        {
            "no": 436691210,
            "now": "08/02/23(Wed)20:48:44",
            "name": "Anonymous",
            "com": "<a href=\"#p436690175\" class=\"quotelink\">&gt;&gt;436690175</a><br>I&#039;m hoping a bunch of black Americans end up going there in some rap music fueled foreign legion<br><span class=\"quote\">&gt;Ayo we dah first Wakandan Division fools</span>",
            "time": 1691023724,
            "resto": 436686988,
            "id": "mlp7g51o",
            "country": "US",
            "country_name": "United States"
        },
        {
            "no": 436691295,
            "now": "08/02/23(Wed)20:49:42",
            "name": "Anonymous",
            "com": "<a href=\"#p436690628\" class=\"quotelink\">&gt;&gt;436690628</a><br>If a billion chimpanzees with guns are all grunting over the declining banana supply you&#039;d best be nervous if some asshole tosses a chair at them",
            "time": 1691023782,
            "resto": 436686988,
            "id": "mlp7g51o",
            "country": "US",
            "country_name": "United States"
        },
        {
            "no": 436691645,
            "now": "08/02/23(Wed)20:54:06",
            "name": "Anonymous",
            "com": "<a href=\"#p436691113\" class=\"quotelink\">&gt;&gt;436691113</a><br>Gay is also illegal in most of west africa",
            "time": 1691024046,
            "resto": 436686988,
            "id": "1C5s+qzh",
            "country": "GB",
            "country_name": "United Kingdom"
        }
    ]
}