{
    "posts": [
        {
            "no": 259848258,
            "sticky": 1,
            "closed": 1,
            "now": "05/31/20(Sun)15:07:39",
            "name": "Anonymous",
            "com": "<p style=\"font-size:22px;font-weight:600;\">Check the <a href=\"https://boards.4chan.org/pol/catalog\">catalog</a> before posting a new thread!</p>\n<p style=\"font-size:16px;font-weight:600;\">Reply to existing threads about a topic instead of starting a new one. New users who do not abide by this principle will be temporarily blocked from creating threads. Mods will delete obvious duplicate threads and spam without notice. Don&#039;t bitch because your twitter screencap thread got deleted; there are probably other threads about it. <a href=\"https://boards.4chan.org/pol/catalog\">Go look</a>!</p>",
            "filename": "check catalog",
            "ext": ".jpg",
            "w": 452,
            "h": 343,
            "tn_w": 250,
            "tn_h": 189,
            "tim": 1590952059000,
            "time": 1590952059,
            "md5": "cWa/oe08KEzAJsN5I7csMw==",
            "fsize": 45320,
            "resto": 0,
            "id": "iDsDgjKR",
            "capcode": "mod",
            "semantic_url": "check-the-catalog-before-posting-a-new-thread-\n",
            "replies": 0,
            "images": 0,
            "unique_ips": 1
        }
    ]
}