{
    "posts": [
        {
            "no": 436683510,
            "now": "08/02/23(Wed)19:21:24",
            "name": "Anonymous",
            "com": "fascists will defend this act of violence.",
            "filename": "fc1d1e59-80f0-4322-a542-706d8f207f0e",
            "ext": ".jpg",
            "w": 438,
            "h": 446,
            "tn_w": 245,
            "tn_h": 249,
            "tim": 1691018484127558,
            "time": 1691018484,
            "md5": "CAimWas7VjLukz7o7Pms5g==",
            "fsize": 71347,
            "resto": 0,
            "id": "hBJ0hP/2",
            "country": "BR",
            "bumplimit": 0,
            "imagelimit": 0,
            "semantic_url": "fascists-will-defend-this-act-of-violence",
            "country_name": "Brazil",
            "replies": 156,
            "images": 43,
            "unique_ips": 113,
            "tail_size": 50
        },
        {
            "no": 436683627,
            "now": "08/02/23(Wed)19:22:36",
            "name": "Anonymous",
            "com": "<a href=\"#p436683510\" class=\"quotelink\">&gt;&gt;436683510</a><br>which one of them is the trans ones?",
            "time": 1691018556,
            "resto": 436683510,
            "id": "Vee0fDVA",
            "country": "US",
            "country_name": "United States"
        },
        {
            "no": 436683669,
            "now": "08/02/23(Wed)19:23:09",
            "name": "Anonymous",
            "com": "<a href=\"#p436683510\" class=\"quotelink\">&gt;&gt;436683510</a><br>Why? According to the guys hat, he\u2019s just a baseball umpire.",
            "time": 1691018589,
            "resto": 436683510,
            "id": "tJ6KmiIv",
            "country": "US",
            "country_name": "United States"
        },
        {
            "no": 436683684,
            "now": "08/02/23(Wed)19:23:19",
            "name": "Anonymous",
            "com": "<a href=\"#p436683510\" class=\"quotelink\">&gt;&gt;436683510</a><br>rename the board faggot mod <br>it&#039;s a trannie spam board now rename that shit /pedor9k/",
            "time": 1691018599,
            "resto": 436683510,
            "id": "xN+4fASR",
            "country": "CA",
            "country_name": "Canada"
        },
        {
            "no": 436683746,
            "now": "08/02/23(Wed)19:24:09",
            "name": "Anonymous",
            "com": "<a href=\"#p436683510\" class=\"quotelink\">&gt;&gt;436683510</a><br>We have to protect our trans sisters so they don&#039;t go into men&#039;s restrooms and get sodomized by big burly str8 men and their throbbing cocks penetrating supple bussy and depositing hot sticky loads on the humanity",
            "time": 1691018649,
            "resto": 436683510,
            "id": "/YeAtqnZ",
            "country": "US",
            "country_name": "United States"
        },
        {
            "no": 436683785,
            "now": "08/02/23(Wed)19:24:40",
            "name": "Anonymous",
            "com": "<a href=\"#p436683510\" class=\"quotelink\">&gt;&gt;436683510</a><br>Nobody is obligated to participate in anybody else\u2019s delusions.",
            "time": 1691018680,
            "resto": 436683510,
            "id": "FM3QuKok",
            "country": "US",
            "country_name": "United States"
        },
        {
            "no": 436683870,
            "now": "08/02/23(Wed)19:25:43",
            "name": "Anonymous",
            "com": "<a href=\"#p436683510\" class=\"quotelink\">&gt;&gt;436683510</a><br><span class=\"quote\">&gt;Brazilian</span><br><span class=\"quote\">&gt;Thinks he is a woman</span><br>Lol you fuckers are barely even passing compared to the chinks who try it. Sad shit.",
            "time": 1691018743,
            "resto": 436683510,
            "id": "XYZUXfYg",
            "country": "US",
            "country_name": "United States"
        },
        {
            "no": 436683876,
            "now": "08/02/23(Wed)19:25:47",
            "name": "Anonymous",
            "com": "<a href=\"#p436683746\" class=\"quotelink\">&gt;&gt;436683746</a><br>alvay rember bussie price, or else u could be in the bad like the picture related in my post. <br><br>WARNGING",
            "filename": "64744567535435",
            "ext": ".png",
            "w": 1000,
            "h": 1170,
            "tn_w": 106,
            "tn_h": 125,
            "tim": 1691018747594049,
            "time": 1691018747,
            "md5": "RkKif3l63nRQ+DJD5jm+Mw==",
            "fsize": 238813,
            "resto": 436683510,
            "id": "Vee0fDVA",
            "country": "US",
            "country_name": "United States"
        },
        {
            "no": 436683972,
            "now": "08/02/23(Wed)19:26:47",
            "name": "Anonymous",
            "com": "<a href=\"#p436683510\" class=\"quotelink\">&gt;&gt;436683510</a><br><span class=\"quote\">&gt;implying the gay (trans) man isn&#039;t in there looking for some dick</span>",
            "time": 1691018807,
            "resto": 436683510,
            "id": "BSsciIGg",
            "country": "US",
            "country_name": "United States"
        },
        {
            "no": 436683976,
            "now": "08/02/23(Wed)19:26:48",
            "name": "Anonymous",
            "com": "<a href=\"#p436683510\" class=\"quotelink\">&gt;&gt;436683510</a><br>If it passes, nobody will know it&#039;s a man in the woman&#039;s bathroom. If it&#039;s passable, it gets a pass. Likely a real member of the 00.002% of actual transgenders.<br><br>If it doesn&#039;t pass, then it&#039;s just another AGP and it should stick to the bathroom it&#039;s supposed to be in, or stop trying to force everyone to play pretend with it.",
            "time": 1691018808,
            "resto": 436683510,
            "id": "Iapwou/+",
            "country": "US",
            "country_name": "United States"
        },
        {
            "no": 436683978,
            "now": "08/02/23(Wed)19:26:49",
            "name": "Anonymous",
            "com": "<a href=\"#p436683510\" class=\"quotelink\">&gt;&gt;436683510</a><br><br>No one cares, tranny.",
            "time": 1691018809,
            "resto": 436683510,
            "id": "CbnWuAr6",
            "country": "US",
            "country_name": "United States"
        },
        {
            "no": 436684054,
            "now": "08/02/23(Wed)19:27:45",
            "name": "Anonymous",
            "com": "<a href=\"#p436683510\" class=\"quotelink\">&gt;&gt;436683510</a><br><span class=\"quote\">&gt;nooo if I go out in girls clothes I will be raped, beaten, and murdered!</span><br>Okay so stop wearing girls clothes<br><span class=\"quote\">&gt;noooooooo</span>",
            "time": 1691018865,
            "resto": 436683510,
            "id": "fNGK3duI",
            "country": "US",
            "country_name": "United States"
        },
        {
            "no": 436684116,
            "now": "08/02/23(Wed)19:28:27",
            "name": "Anonymous",
            "com": "<a href=\"#p436683510\" class=\"quotelink\">&gt;&gt;436683510</a><br>men don&#039;t give a shit. we have more pressing issue, such as cunts pissing on toilet seat",
            "time": 1691018907,
            "resto": 436683510,
            "id": "H3b90dLA",
            "country": "US",
            "country_name": "United States"
        },
        {
            "no": 436684216,
            "now": "08/02/23(Wed)19:29:38",
            "name": "Anonymous",
            "com": "<a href=\"#p436683976\" class=\"quotelink\">&gt;&gt;436683976</a><br><span class=\"quote\">&gt;If it passes</span><br>lol<br>Ain&#039;t no such thing as a passing troon.",
            "time": 1691018978,
            "resto": 436683510,
            "id": "ETvr7Atd",
            "country": "US",
            "country_name": "United States"
        },
        {
            "no": 436684221,
            "now": "08/02/23(Wed)19:29:40",
            "name": "Anonymous",
            "com": "<a href=\"#p436683510\" class=\"quotelink\">&gt;&gt;436683510</a><br>ironic because every time I there was a line for the womens restroom, (actual) women would use mens restroom",
            "time": 1691018980,
            "resto": 436683510,
            "id": "8Y7h5Lhw",
            "country": "BA",
            "country_name": "Bosnia and Herzegovina"
        },
        {
            "no": 436684223,
            "now": "08/02/23(Wed)19:29:41",
            "name": "Anonymous",
            "com": "<a href=\"#p436683510\" class=\"quotelink\">&gt;&gt;436683510</a><br>They don&#039;t believe in advanced biology they can&#039;t defend anything",
            "filename": "1668761612505",
            "ext": ".jpg",
            "w": 1780,
            "h": 920,
            "tn_w": 125,
            "tn_h": 64,
            "tim": 1691018981656443,
            "time": 1691018981,
            "md5": "Wau2exi7AuXi2nskZrjLGg==",
            "fsize": 345672,
            "resto": 436683510,
            "id": "HTsehpx2",
            "country": "US",
            "m_img": 1,
            "country_name": "United States"
        },
        {
            "no": 436684262,
            "now": "08/02/23(Wed)19:29:59",
            "name": "Anonymous",
            "com": "<a href=\"#p436683627\" class=\"quotelink\">&gt;&gt;436683627</a><br>They&#039;re all trans",
            "time": 1691018999,
            "resto": 436683510,
            "id": "9v9V7/+h",
            "country": "US",
            "country_name": "United States"
        },
        {
            "no": 436684381,
            "now": "08/02/23(Wed)19:31:19",
            "name": "Anonymous",
            "com": "<a href=\"#p436683510\" class=\"quotelink\">&gt;&gt;436683510</a><br><span class=\"quote\">&gt;fascists will defend this act of violence.</span><br><br>Dirty looks leave bruises and broken bones? Nah, a tranny trying to touch a kid will know the difference.",
            "time": 1691019079,
            "resto": 436683510,
            "id": "/aI5k06C",
            "country": "US",
            "country_name": "United States"
        },
        {
            "no": 436684524,
            "now": "08/02/23(Wed)19:32:41",
            "name": "Anonymous",
            "com": "<a href=\"#p436683510\" class=\"quotelink\">&gt;&gt;436683510</a><br>We capitalists will defend it as well.",
            "time": 1691019161,
            "resto": 436683510,
            "id": "AMvs514t",
            "country": "US",
            "country_name": "United States"
        },
        {
            "no": 436684624,
            "now": "08/02/23(Wed)19:33:38",
            "name": "Anonymous",
            "com": "<a href=\"#p436683510\" class=\"quotelink\">&gt;&gt;436683510</a><br>Muh caricaturized backwoods hobgloblins",
            "time": 1691019218,
            "resto": 436683510,
            "id": "CeC9pLWS",
            "country": "US",
            "country_name": "United States"
        },
        {
            "no": 436684714,
            "now": "08/02/23(Wed)19:34:36",
            "name": "Anonymous",
            "com": "<a href=\"#p436683510\" class=\"quotelink\">&gt;&gt;436683510</a><br>DON&#039;T CROSS DRESS IN PUBLIC<br>Problem solved.<br>Also show me ONE incident nationwide when rednecks Fag Bashed anyone. It literally never happens.",
            "time": 1691019276,
            "resto": 436683510,
            "id": "B2mTW8tR",
            "country": "US",
            "country_name": "United States"
        },
        {
            "no": 436684857,
            "now": "08/02/23(Wed)19:36:13",
            "name": "Anonymous",
            "com": "<a href=\"#p436684223\" class=\"quotelink\">&gt;&gt;436684223</a><br>Like gravity?",
            "time": 1691019373,
            "resto": 436683510,
            "id": "B2mTW8tR",
            "country": "US",
            "country_name": "United States"
        },
        {
            "no": 436684873,
            "now": "08/02/23(Wed)19:36:21",
            "name": "Anonymous",
            "com": "<a href=\"#p436684223\" class=\"quotelink\">&gt;&gt;436684223</a><br>Puberty is a normal thing.",
            "time": 1691019381,
            "resto": 436683510,
            "id": "5A7oAqKB",
            "board_flag": "PR",
            "flag_name": "Pirate"
        },
        {
            "no": 436685004,
            "now": "08/02/23(Wed)19:37:57",
            "name": "Anonymous",
            "com": "<a href=\"#p436683684\" class=\"quotelink\">&gt;&gt;436683684</a><br><span class=\"quote\">&gt;/pedor9k/</span><br>sounds like a board for Catholic priests, LEOs and christian youth pastors",
            "time": 1691019477,
            "resto": 436683510,
            "id": "jWoNxBN0",
            "country": "US",
            "country_name": "United States"
        },
        {
            "no": 436685138,
            "now": "08/02/23(Wed)19:39:27",
            "name": "Anonymous",
            "com": "<a href=\"#p436685004\" class=\"quotelink\">&gt;&gt;436685004</a><br>kek",
            "time": 1691019567,
            "resto": 436683510,
            "id": "xN+4fASR",
            "country": "CA",
            "country_name": "Canada"
        },
        {
            "no": 436685177,
            "now": "08/02/23(Wed)19:39:53",
            "name": "Anonymous",
            "com": "<a href=\"#p436683510\" class=\"quotelink\">&gt;&gt;436683510</a><br>I&#039;m not gonna be subjugated under a coward&#039;s heel. Fuck off. And fuck the jews.",
            "time": 1691019593,
            "resto": 436683510,
            "id": "Zvo5Sndp",
            "country": "US",
            "country_name": "United States"
        },
        {
            "no": 436685185,
            "now": "08/02/23(Wed)19:39:59",
            "name": "Anonymous",
            "com": "Yes time to grow up and face the facts",
            "filename": "1652697092364",
            "ext": ".jpg",
            "w": 540,
            "h": 540,
            "tn_w": 125,
            "tn_h": 125,
            "tim": 1691019599748706,
            "time": 1691019599,
            "md5": "qvUgCmR0tdjMhPvdTIaRdQ==",
            "fsize": 34727,
            "resto": 436683510,
            "id": "wA7eSwnA",
            "country": "US",
            "country_name": "United States"
        },
        {
            "no": 436685231,
            "now": "08/02/23(Wed)19:40:29",
            "name": "Anonymous",
            "com": "<a href=\"#p436684223\" class=\"quotelink\">&gt;&gt;436684223</a><br><span class=\"quote\">&gt;advanced biology</span><br>so it&#039;s bullshit otherwise you would just call it biology",
            "time": 1691019629,
            "resto": 436683510,
            "id": "0u5dUHjY",
            "country": "US",
            "country_name": "United States"
        },
        {
            "no": 436685236,
            "now": "08/02/23(Wed)19:40:31",
            "name": "Anonymous",
            "com": "<a href=\"#p436684262\" class=\"quotelink\">&gt;&gt;436684262</a><br>/Thread",
            "time": 1691019631,
            "resto": 436683510,
            "id": "3rtY4SId",
            "country": "UY",
            "country_name": "Uruguay"
        },
        {
            "no": 436685239,
            "now": "08/02/23(Wed)19:40:36",
            "name": "Anonymous",
            "com": "<a href=\"#p436683669\" class=\"quotelink\">&gt;&gt;436683669</a><br>lol",
            "time": 1691019636,
            "resto": 436683510,
            "id": "HhJFs8zf",
            "country": "US",
            "country_name": "United States"
        },
        {
            "no": 436685277,
            "now": "08/02/23(Wed)19:41:03",
            "name": "Anonymous",
            "com": "<a href=\"#p436683510\" class=\"quotelink\">&gt;&gt;436683510</a><br>fucking based<br>why do these troons think i care about their safety?",
            "time": 1691019663,
            "resto": 436683510,
            "id": "FG0dDHFZ",
            "country": "US",
            "country_name": "United States"
        },
        {
            "no": 436685348,
            "now": "08/02/23(Wed)19:41:48",
            "name": "Anonymous",
            "com": "<a href=\"#p436685004\" class=\"quotelink\">&gt;&gt;436685004</a><br>Pedo rabbi rate is 4%. Pedo priest rate is 1/10 of 1%. <br><br>This means for every 1000 priests, you only need 25 rabbis.<br><br>But then, Catholics don&#039;t own any television networks.",
            "time": 1691019708,
            "resto": 436683510,
            "id": "Zvo5Sndp",
            "country": "US",
            "country_name": "United States"
        },
        {
            "no": 436685465,
            "now": "08/02/23(Wed)19:43:09",
            "name": "Anonymous",
            "com": "<a href=\"#p436683510\" class=\"quotelink\">&gt;&gt;436683510</a><br>and instead the opposite. young girls will have to face this and instead of trucker caps and cowboys its the same men with beards and mustaches wearing womens clothes and sometimes not even that.<br><br>Fucking perverts deserve the rope.",
            "time": 1691019789,
            "resto": 436683510,
            "id": "QJAlb9M6",
            "country": "US",
            "country_name": "United States"
        },
        {
            "no": 436685478,
            "now": "08/02/23(Wed)19:43:16",
            "name": "Anonymous",
            "com": "<a href=\"#p436684221\" class=\"quotelink\">&gt;&gt;436684221</a><br>i bet that bathroom would smell great, tons of women sitting down and opening their pussy flaps and letting that smell waft through the air",
            "filename": "imagine the smell",
            "ext": ".webm",
            "w": 1280,
            "h": 720,
            "tn_w": 125,
            "tn_h": 70,
            "tim": 1691019796151184,
            "time": 1691019796,
            "md5": "ljdjX4VkGjYAEcZlGLBmvw==",
            "fsize": 1055188,
            "resto": 436683510,
            "id": "HhJFs8zf",
            "country": "US",
            "country_name": "United States"
        },
        {
            "no": 436685562,
            "now": "08/02/23(Wed)19:44:21",
            "name": "Anonymous",
            "com": "<a href=\"#p436685478\" class=\"quotelink\">&gt;&gt;436685478</a><br><span class=\"quote\">&gt;&gt; A jew machine that gives the scent of shekels.</span>",
            "time": 1691019861,
            "resto": 436683510,
            "id": "QJAlb9M6",
            "country": "US",
            "country_name": "United States"
        },
        {
            "no": 436685604,
            "now": "08/02/23(Wed)19:44:45",
            "name": "Anonymous",
            "com": "<a href=\"#p436683510\" class=\"quotelink\">&gt;&gt;436683510</a><br><span class=\"quote\">&gt;people who do crazy weird shit in public have to be uncomfortable sometimes</span><br>The horror",
            "time": 1691019885,
            "resto": 436683510,
            "id": "Q8fWYZsD",
            "country": "US",
            "country_name": "United States"
        },
        {
            "no": 436685653,
            "now": "08/02/23(Wed)19:45:16",
            "name": "Anonymous",
            "com": "<a href=\"#p436683510\" class=\"quotelink\">&gt;&gt;436683510</a><br>I&#039;m not seeing any violence. I hope something happens soon, though.",
            "time": 1691019916,
            "resto": 436683510,
            "id": "Q7Obzwab",
            "country": "US",
            "country_name": "United States"
        },
        {
            "no": 436685673,
            "now": "08/02/23(Wed)19:45:28",
            "name": "Anonymous",
            "com": "<a href=\"#p436684223\" class=\"quotelink\">&gt;&gt;436684223</a><br>Dollar store stonetoss comics of the far left<br>Nice",
            "time": 1691019928,
            "resto": 436683510,
            "id": "eBo0GKwm",
            "country": "DE",
            "country_name": "Germany"
        },
        {
            "no": 436685726,
            "now": "08/02/23(Wed)19:46:06",
            "name": "Anonymous",
            "com": "<a href=\"#p436683510\" class=\"quotelink\">&gt;&gt;436683510</a><br>made for bbc",
            "time": 1691019966,
            "resto": 436683510,
            "id": "rUskgLOF",
            "country": "BR",
            "country_name": "Brazil"
        },
        {
            "no": 436685757,
            "now": "08/02/23(Wed)19:46:26",
            "name": "Anonymous",
            "com": "<a href=\"#p436684223\" class=\"quotelink\">&gt;&gt;436684223</a><br>No, I don&#039;t believe in your pseudoscience groomer cult and I don&#039;t have to defend a fictional scenario in a cartoon.",
            "time": 1691019986,
            "resto": 436683510,
            "id": "geTkN4m+",
            "country": "US",
            "country_name": "United States"
        },
        {
            "no": 436685784,
            "now": "08/02/23(Wed)19:46:41",
            "name": "Anonymous",
            "com": "Deu to a situation I&#039;ve created myself others have to deal with it instead of me. So the feelings of woman who for some reason have to bear the consequences of my life choices don&#039;t matter because I&#039;m holy. <br><br>Pic related: troons unironically think that they&#039;re special and that the purpose of everyone else is to serve them even if it costs them their lives.",
            "filename": "IMG_20220601_120342_706",
            "ext": ".jpg",
            "w": 951,
            "h": 1280,
            "tn_w": 92,
            "tn_h": 125,
            "tim": 1691020001338458,
            "time": 1691020001,
            "md5": "BzmG0NgG16W4T+P01G1spw==",
            "fsize": 168924,
            "resto": 436683510,
            "id": "DVkgjQ3o",
            "country": "NL",
            "m_img": 1,
            "country_name": "Netherlands"
        },
        {
            "no": 436685805,
            "now": "08/02/23(Wed)19:46:54",
            "name": "Anonymous",
            "com": "<a href=\"#p436683510\" class=\"quotelink\">&gt;&gt;436683510</a><br><span class=\"quote\">&gt;passing trannies can easily enter women\u2019s bathrooms and no one would notice</span><br><span class=\"quote\">&gt;non passing troons have to enter the men\u2019s bathroom but they\u2019re so repulsive no man would rape them anyway</span><br>I don\u2019t see the problem",
            "time": 1691020014,
            "resto": 436683510,
            "id": "s2mRHe/k",
            "country": "US",
            "country_name": "United States"
        },
        {
            "no": 436685812,
            "now": "08/02/23(Wed)19:47:00",
            "name": "Anonymous",
            "com": "<a href=\"#p436685348\" class=\"quotelink\">&gt;&gt;436685348</a><br>You\u2019re a fucking retard holy shit",
            "time": 1691020020,
            "resto": 436683510,
            "id": "/bxQmXOm",
            "country": "GB",
            "country_name": "United Kingdom"
        },
        {
            "no": 436685823,
            "now": "08/02/23(Wed)19:47:06",
            "name": "Anonymous",
            "com": "<a href=\"#p436683510\" class=\"quotelink\">&gt;&gt;436683510</a><br>Why would people who don&#039;t like trannies give a shit when they&#039;re assaulted and murdered?",
            "filename": "dsQ4WIIV4AAV8CF",
            "ext": ".jpg",
            "w": 2010,
            "h": 2048,
            "tn_w": 122,
            "tn_h": 125,
            "tim": 1691020026995443,
            "time": 1691020026,
            "md5": "/ImqQqyLIE+5XuctKgqO4w==",
            "fsize": 397282,
            "resto": 436683510,
            "id": "CYb/yj8H",
            "country": "US",
            "m_img": 1,
            "country_name": "United States"
        },
        {
            "no": 436685833,
            "now": "08/02/23(Wed)19:47:15",
            "name": "Anonymous",
            "com": "<span class=\"quote\">&gt;WE NEED TO LET THEM RAPE LITTLE GIRLS IN THE CHANGE ROOM SO THEY DON&#039;T GET WEIRD LOOKS FROM MEN IN THE BATHROOM</span>",
            "filename": "unnamed",
            "ext": ".jpg",
            "w": 972,
            "h": 720,
            "tn_w": 125,
            "tn_h": 92,
            "tim": 1691020035615818,
            "time": 1691020035,
            "md5": "nlCX47NC2w7sumfxI48Ydg==",
            "fsize": 107441,
            "resto": 436683510,
            "id": "aJztSLv3",
            "country": "CA",
            "country_name": "Canada"
        },
        {
            "no": 436685841,
            "now": "08/02/23(Wed)19:47:19",
            "name": "Anonymous",
            "com": "<a href=\"#p436683510\" class=\"quotelink\">&gt;&gt;436683510</a><br>Every trans woman I&#039;ve seen in my life was the biggest mf in the room. Basically picrel in a dress.",
            "filename": "3jupab",
            "ext": ".jpg",
            "w": 355,
            "h": 210,
            "tn_w": 124,
            "tn_h": 73,
            "tim": 1691020039514038,
            "time": 1691020039,
            "md5": "1E4ROqwhyAbZrpwzLkfSMg==",
            "fsize": 17158,
            "resto": 436683510,
            "id": "ohGPBUF6",
            "country": "BR",
            "country_name": "Brazil"
        },
        {
            "no": 436685848,
            "now": "08/02/23(Wed)19:47:23",
            "name": "Anonymous",
            "com": "<a href=\"#p436683510\" class=\"quotelink\">&gt;&gt;436683510</a><br>Lets get them separate bathrooms.",
            "time": 1691020043,
            "resto": 436683510,
            "id": "yX2AAFWO",
            "country": "US",
            "country_name": "United States"
        },
        {
            "no": 436685922,
            "now": "08/02/23(Wed)19:48:08",
            "name": "Anonymous",
            "com": "<a href=\"#p436685848\" class=\"quotelink\">&gt;&gt;436685848</a><br>Let them use the disabled toilet",
            "time": 1691020088,
            "resto": 436683510,
            "id": "/bxQmXOm",
            "country": "GB",
            "country_name": "United Kingdom"
        },
        {
            "no": 436685935,
            "now": "08/02/23(Wed)19:48:21",
            "name": "Anonymous",
            "com": "<a href=\"#p436683510\" class=\"quotelink\">&gt;&gt;436683510</a><br>Yep. BASED. <br>TTD",
            "time": 1691020101,
            "resto": 436683510,
            "id": "hIUVGMyK",
            "country": "US",
            "country_name": "United States"
        },
        {
            "no": 436685979,
            "now": "08/02/23(Wed)19:48:45",
            "name": "Anonymous",
            "com": "<a href=\"#p436683746\" class=\"quotelink\">&gt;&gt;436683746</a><br>Actually rape is a bad thing",
            "time": 1691020125,
            "resto": 436683510,
            "id": "DbOQq7qn",
            "country": "US",
            "country_name": "United States"
        },
        {
            "no": 436685985,
            "now": "08/02/23(Wed)19:48:46",
            "name": "Anonymous",
            "com": "<a href=\"#p436685562\" class=\"quotelink\">&gt;&gt;436685562</a><br>lmao",
            "filename": "1683747575166230",
            "ext": ".png",
            "w": 576,
            "h": 704,
            "tn_w": 102,
            "tn_h": 125,
            "tim": 1691020126907317,
            "time": 1691020126,
            "md5": "TASrQZcyErza9rp+c4Lytg==",
            "fsize": 584238,
            "resto": 436683510,
            "id": "HhJFs8zf",
            "country": "US",
            "country_name": "United States"
        },
        {
            "no": 436686020,
            "now": "08/02/23(Wed)19:49:15",
            "name": "Anonymous",
            "com": "<a href=\"#p436683510\" class=\"quotelink\">&gt;&gt;436683510</a><br>Build your own vaginas? ok, build your own bathrooms. Simple.",
            "time": 1691020155,
            "resto": 436683510,
            "id": "Yslc5Z7b",
            "country": "US",
            "country_name": "United States"
        },
        {
            "no": 436686028,
            "now": "08/02/23(Wed)19:49:21",
            "name": "Anonymous",
            "com": "<a href=\"#p436683510\" class=\"quotelink\">&gt;&gt;436683510</a><br>Yep. I want delusional faggots to use the same bathroom as me so I can rape them.",
            "time": 1691020161,
            "resto": 436683510,
            "id": "3ceGuE4/",
            "country": "US",
            "country_name": "United States"
        },
        {
            "no": 436686087,
            "now": "08/02/23(Wed)19:49:57",
            "name": "Anonymous",
            "com": "<a href=\"#p436683510\" class=\"quotelink\">&gt;&gt;436683510</a><br>To be honest, they&#039;re the ones voting for this.",
            "filename": "op is faggier than usual",
            "ext": ".png",
            "w": 438,
            "h": 446,
            "tn_w": 122,
            "tn_h": 124,
            "tim": 1691020197040108,
            "time": 1691020197,
            "md5": "3586bORsMTC4fKN6Kyp8kA==",
            "fsize": 334483,
            "resto": 436683510,
            "id": "WoiHPOgL",
            "country": "BR",
            "country_name": "Brazil"
        },
        {
            "no": 436686097,
            "now": "08/02/23(Wed)19:50:10",
            "name": "Anonymous",
            "com": "<a href=\"#p436685848\" class=\"quotelink\">&gt;&gt;436685848</a><br>No, they&#039;ve created the situation. Why should we solve it? We don&#039;t have special a special army for schizo&#039;s who think they&#039;re Napoleon either.",
            "filename": "IMG_20230308_191610_635",
            "ext": ".jpg",
            "w": 1280,
            "h": 1110,
            "tn_w": 125,
            "tn_h": 108,
            "tim": 1691020210780735,
            "time": 1691020210,
            "md5": "hVrT7+CVnNm9RM3BIf2sKA==",
            "fsize": 121974,
            "resto": 436683510,
            "id": "DVkgjQ3o",
            "country": "NL",
            "m_img": 1,
            "country_name": "Netherlands"
        },
        {
            "no": 436686125,
            "now": "08/02/23(Wed)19:50:26",
            "name": "Anonymous",
            "com": "<a href=\"#p436685812\" class=\"quotelink\">&gt;&gt;436685812</a><br>Post nose, yid.",
            "time": 1691020226,
            "resto": 436683510,
            "id": "A4lYXHQk",
            "country": "US",
            "country_name": "United States"
        },
        {
            "no": 436686141,
            "now": "08/02/23(Wed)19:50:36",
            "name": "Anonymous",
            "com": "<a href=\"#p436685841\" class=\"quotelink\">&gt;&gt;436685841</a><br>this is every tranny",
            "filename": "1685108356110808",
            "ext": ".png",
            "w": 765,
            "h": 1278,
            "tn_w": 74,
            "tn_h": 125,
            "tim": 1691020236622871,
            "time": 1691020236,
            "md5": "/2I5yaO8fXM+xp5ipy8yAg==",
            "fsize": 1002688,
            "resto": 436683510,
            "id": "HhJFs8zf",
            "country": "US",
            "m_img": 1,
            "country_name": "United States"
        },
        {
            "no": 436686306,
            "now": "08/02/23(Wed)19:52:31",
            "name": "Anonymous",
            "com": "<a href=\"#p436686141\" class=\"quotelink\">&gt;&gt;436686141</a>",
            "filename": "1690761136926524",
            "ext": ".gif",
            "w": 220,
            "h": 303,
            "tn_w": 90,
            "tn_h": 125,
            "tim": 1691020351012397,
            "time": 1691020351,
            "md5": "MB2ECvHi5vXGeJntTFOHSw==",
            "fsize": 473174,
            "resto": 436683510,
            "id": "ohGPBUF6",
            "country": "BR",
            "country_name": "Brazil"
        },
        {
            "no": 436686405,
            "now": "08/02/23(Wed)19:53:38",
            "name": "Anonymous",
            "com": "<a href=\"#p436683785\" class=\"quotelink\">&gt;&gt;436683785</a><br>Extremely well said. I will use this as a stock response for people&#039;s dumb shit. Here have an infographic.",
            "filename": "Most-Dangerous-Cities_America_04",
            "ext": ".jpg",
            "w": 1200,
            "h": 1200,
            "tn_w": 125,
            "tn_h": 125,
            "tim": 1691020418439761,
            "time": 1691020418,
            "md5": "kauV/Qmll4GC8imuNwYpKw==",
            "fsize": 640742,
            "resto": 436683510,
            "id": "0+ELuNzr",
            "country": "US",
            "m_img": 1,
            "country_name": "United States"
        },
        {
            "no": 436686636,
            "now": "08/02/23(Wed)19:56:13",
            "name": "Anonymous",
            "com": "<a href=\"#p436686141\" class=\"quotelink\">&gt;&gt;436686141</a><br>I remember seeing a thread were the response to the &#039;revalition&#039; wasn&#039;t fake surprise that wouldn&#039;t fool an 8 year old but a: &quot;I knew&quot; so the nigger troon reported that roommate for racism because he clearly looked like woman and the roommate was just accidentally right trough racism. <br><br>Best is to avoid troons as best as you can.",
            "filename": "IMG_20230208_112015_204",
            "ext": ".jpg",
            "w": 649,
            "h": 1280,
            "tn_w": 63,
            "tn_h": 125,
            "tim": 1691020573908283,
            "time": 1691020573,
            "md5": "J+Ugt3uxNgwkNjWJzbs5fg==",
            "fsize": 159886,
            "resto": 436683510,
            "id": "DVkgjQ3o",
            "country": "NL",
            "m_img": 1,
            "country_name": "Netherlands"
        },
        {
            "no": 436686677,
            "now": "08/02/23(Wed)19:56:38",
            "name": "Anonymous",
            "com": "<a href=\"#p436686087\" class=\"quotelink\">&gt;&gt;436686087</a><br>Fuck yeah",
            "time": 1691020598,
            "resto": 436683510,
            "id": "CeC9pLWS",
            "country": "US",
            "country_name": "United States"
        },
        {
            "no": 436686731,
            "now": "08/02/23(Wed)19:57:17",
            "name": "Anonymous",
            "com": "<a href=\"#p436686097\" class=\"quotelink\">&gt;&gt;436686097</a><br><span class=\"quote\">&gt;We don&#039;t have special a special army for schizo&#039;s who think they&#039;re Napoleon either.</span><br>lol thats what you think",
            "time": 1691020637,
            "resto": 436683510,
            "id": "CeC9pLWS",
            "country": "US",
            "country_name": "United States"
        },
        {
            "no": 436686807,
            "now": "08/02/23(Wed)19:58:07",
            "name": "Anonymous",
            "com": "<a href=\"#p436685833\" class=\"quotelink\">&gt;&gt;436685833</a><br><span class=\"quote\">&gt;Change room</span>",
            "filename": "30a359bd5371917e37cf3e74916599304db480d2[1]",
            "ext": ".jpg",
            "w": 960,
            "h": 797,
            "tn_w": 125,
            "tn_h": 103,
            "tim": 1691020687688964,
            "time": 1691020687,
            "md5": "giE9um4BhPIFaY0k8wSY8g==",
            "fsize": 111688,
            "resto": 436683510,
            "id": "jWoNxBN0",
            "country": "US",
            "country_name": "United States"
        },
        {
            "no": 436686916,
            "now": "08/02/23(Wed)19:59:20",
            "name": "Anonymous",
            "com": "<a href=\"#p436686807\" class=\"quotelink\">&gt;&gt;436686807</a><br>Trump sickenly staring at fresh pink pussy pie",
            "time": 1691020760,
            "resto": 436683510,
            "id": "CeC9pLWS",
            "country": "US",
            "country_name": "United States"
        },
        {
            "no": 436686945,
            "now": "08/02/23(Wed)19:59:42",
            "name": "Anonymous",
            "com": "<a href=\"#p436686807\" class=\"quotelink\">&gt;&gt;436686807</a><br>Ah, that&#039;s the orange retard I fell for in 2016....I miss that guy.",
            "time": 1691020782,
            "resto": 436683510,
            "id": "BzoqKCiq",
            "country": "US",
            "country_name": "United States"
        },
        {
            "no": 436686953,
            "now": "08/02/23(Wed)19:59:47",
            "name": "Anonymous",
            "com": "<a href=\"#p436686141\" class=\"quotelink\">&gt;&gt;436686141</a><br>It\u2019s funny how despite wanting to imitate women as much as they can, trannies still don\u2019t get how the female mind works. Women are hardwired to avoid confrontation. If his female coworker had told him she knew he was a troon the whole time, he\u2019d be offended and yell at her, which is why she acted surprised.",
            "filename": "6B368326-456F-4730-906D-D984AEE89E90",
            "ext": ".jpg",
            "w": 764,
            "h": 960,
            "tn_w": 99,
            "tn_h": 125,
            "tim": 1691020787363023,
            "time": 1691020787,
            "md5": "z2ccZdtUdtkFtEXJVBVTBQ==",
            "fsize": 47572,
            "resto": 436683510,
            "id": "s2mRHe/k",
            "country": "US",
            "country_name": "United States"
        },
        {
            "no": 436686978,
            "now": "08/02/23(Wed)20:00:05",
            "name": "Anonymous",
            "com": "<a href=\"#p436686731\" class=\"quotelink\">&gt;&gt;436686731</a><br><span class=\"quote\">&gt;We don&#039;t special a special army for schizo&#039;s who think they&#039;re like Napoleon either</span><br><span class=\"quote\">&gt;a special a special army for schizo&#039;s</span>",
            "filename": "MyPillow-fr-l119Ga0",
            "ext": ".png",
            "w": 432,
            "h": 456,
            "tn_w": 118,
            "tn_h": 125,
            "tim": 1691020805092315,
            "time": 1691020805,
            "md5": "ejdVvKt5wa7T0amRqIByQQ==",
            "fsize": 300707,
            "resto": 436683510,
            "id": "jWoNxBN0",
            "country": "US",
            "country_name": "United States"
        },
        {
            "no": 436686991,
            "now": "08/02/23(Wed)20:00:13",
            "name": "Anonymous",
            "com": "<a href=\"#p436685784\" class=\"quotelink\">&gt;&gt;436685784</a><br>fify bb, muah<br>post ur microbepis pls.",
            "filename": "66473546235",
            "ext": ".jpg",
            "w": 1321,
            "h": 1280,
            "tn_w": 125,
            "tn_h": 121,
            "tim": 1691020813907860,
            "time": 1691020813,
            "md5": "zDoBolsOAtvAc0B4V60qGQ==",
            "fsize": 210339,
            "resto": 436683510,
            "id": "Vee0fDVA",
            "country": "US",
            "m_img": 1,
            "country_name": "United States"
        },
        {
            "no": 436687090,
            "now": "08/02/23(Wed)20:01:17",
            "name": "Anonymous",
            "com": "<a href=\"#p436686945\" class=\"quotelink\">&gt;&gt;436686945</a><br>because he normalized your pedophilia?<br><br><a href=\"#p436686731\" class=\"quotelink\">&gt;&gt;436686731</a><br>we have a special bowl &amp; tank for them, we call it a WaterLoo",
            "filename": "MyPillow-look",
            "ext": ".jpg",
            "w": 666,
            "h": 922,
            "tn_w": 90,
            "tn_h": 125,
            "tim": 1691020877156435,
            "time": 1691020877,
            "md5": "5Gft6miYb2JZi+UH4Nr6bg==",
            "fsize": 66543,
            "resto": 436683510,
            "id": "jWoNxBN0",
            "country": "US",
            "country_name": "United States"
        },
        {
            "no": 436687102,
            "now": "08/02/23(Wed)20:01:23",
            "name": "Anonymous",
            "com": "<a href=\"#p436683510\" class=\"quotelink\">&gt;&gt;436683510</a><br>Kys..keep demented men out of my daughters bathrooms.",
            "filename": "7C83B006-EB60-4877-8A26-4083165F797C",
            "ext": ".jpg",
            "w": 680,
            "h": 382,
            "tn_w": 125,
            "tn_h": 70,
            "tim": 1691020883325955,
            "time": 1691020883,
            "md5": "iifDar7vVJ+CPSLGb+N2qQ==",
            "fsize": 66800,
            "resto": 436683510,
            "id": "b7lZvyiN",
            "country": "US",
            "country_name": "United States"
        },
        {
            "no": 436687126,
            "now": "08/02/23(Wed)20:01:39",
            "name": "Anonymous",
            "com": "<a href=\"#p436686807\" class=\"quotelink\">&gt;&gt;436686807</a><br>Kentucky is best girl.",
            "time": 1691020899,
            "resto": 436683510,
            "id": "ERlHA0Dn",
            "country": "US",
            "country_name": "United States"
        },
        {
            "no": 436687160,
            "now": "08/02/23(Wed)20:02:09",
            "name": "Anonymous",
            "com": "<a href=\"#p436683510\" class=\"quotelink\">&gt;&gt;436683510</a><br>Crazy transvestite men are still men.",
            "time": 1691020929,
            "resto": 436683510,
            "id": "dlL2Y1Qm",
            "country": "US",
            "country_name": "United States"
        },
        {
            "no": 436687203,
            "now": "08/02/23(Wed)20:02:30",
            "name": "Anonymous",
            "com": "<a href=\"#p436686978\" class=\"quotelink\">&gt;&gt;436686978</a><br>That&#039;s what you think",
            "time": 1691020950,
            "resto": 436683510,
            "id": "CeC9pLWS",
            "country": "US",
            "country_name": "United States"
        },
        {
            "no": 436687231,
            "now": "08/02/23(Wed)20:02:45",
            "name": "Anonymous",
            "com": "<a href=\"#p436683510\" class=\"quotelink\">&gt;&gt;436683510</a><br><span class=\"quote\">&gt;now trans women have to face this</span><br>As opposed to when? Did trannies previously have their own separate bathrooms? Where did trannies used to shit and piss before this?",
            "time": 1691020965,
            "resto": 436683510,
            "id": "4RrFyhRp",
            "country": "GB",
            "country_name": "United Kingdom"
        },
        {
            "no": 436687238,
            "now": "08/02/23(Wed)20:02:48",
            "name": "Anonymous",
            "com": "<a href=\"#p436683510\" class=\"quotelink\">&gt;&gt;436683510</a><br><a href=\"#p436683627\" class=\"quotelink\">&gt;&gt;436683627</a><br>Here",
            "filename": "bathroom",
            "ext": ".png",
            "w": 438,
            "h": 446,
            "tn_w": 122,
            "tn_h": 124,
            "tim": 1691020968924023,
            "time": 1691020968,
            "md5": "1/LfI8ePQLELutKWgASPOA==",
            "fsize": 434220,
            "resto": 436683510,
            "id": "jFUDwS/c",
            "country": "US",
            "country_name": "United States"
        },
        {
            "no": 436687327,
            "now": "08/02/23(Wed)20:03:45",
            "name": "Anonymous",
            "com": "<a href=\"#p436684223\" class=\"quotelink\">&gt;&gt;436684223</a><br>Faggot + pedophile = tranny.",
            "time": 1691021025,
            "resto": 436683510,
            "id": "qUrqlCne",
            "country": "US",
            "country_name": "United States"
        },
        {
            "no": 436687355,
            "now": "08/02/23(Wed)20:04:09",
            "name": "Anonymous",
            "com": "<a href=\"#p436687238\" class=\"quotelink\">&gt;&gt;436687238</a><br>top kek",
            "time": 1691021049,
            "resto": 436683510,
            "id": "QeP00iVN",
            "country": "US",
            "country_name": "United States"
        },
        {
            "no": 436687436,
            "now": "08/02/23(Wed)20:05:09",
            "name": "Anonymous",
            "com": "<a href=\"#p436683510\" class=\"quotelink\">&gt;&gt;436683510</a><br>You reap what you sow",
            "time": 1691021109,
            "resto": 436683510,
            "id": "XpyeYBpW",
            "country": "CA",
            "country_name": "Canada"
        },
        {
            "no": 436687480,
            "now": "08/02/23(Wed)20:05:41",
            "name": "Anonymous",
            "com": "<a href=\"#p436685231\" class=\"quotelink\">&gt;&gt;436685231</a><br>this anon knows. adding qualifiers is a typical sign of attempted marxo-judeo nuspeak subversion",
            "time": 1691021141,
            "resto": 436683510,
            "id": "QeP00iVN",
            "country": "US",
            "country_name": "United States"
        },
        {
            "no": 436687568,
            "now": "08/02/23(Wed)20:06:50",
            "name": "Anonymous",
            "com": "<a href=\"#p436684223\" class=\"quotelink\">&gt;&gt;436684223</a><br><br>Cut your dick off <br><span class=\"quote\">&gt;Advanced biology</span>",
            "time": 1691021210,
            "resto": 436683510,
            "id": "lLlrmPF8",
            "board_flag": "EU",
            "flag_name": "European"
        },
        {
            "no": 436687589,
            "now": "08/02/23(Wed)20:07:11",
            "name": "Anonymous",
            "com": "<a href=\"#p436683510\" class=\"quotelink\">&gt;&gt;436683510</a><br>Oh please. That&#039;s their fantasy. They are secretly hoping that they&#039;ll get &quot;raped&quot; because they are all degenerate faggots.",
            "time": 1691021231,
            "resto": 436683510,
            "id": "oPCBxkC0",
            "country": "US",
            "country_name": "United States"
        },
        {
            "no": 436687640,
            "now": "08/02/23(Wed)20:07:48",
            "name": "Anonymous",
            "com": "<a href=\"#p436683510\" class=\"quotelink\">&gt;&gt;436683510</a><br>What&#039;s the problem? We have a male in a male restroom with other males.",
            "time": 1691021268,
            "resto": 436683510,
            "id": "LFInGsng",
            "country": "US",
            "country_name": "United States"
        },
        {
            "no": 436687747,
            "now": "08/02/23(Wed)20:08:56",
            "name": "Anonymous",
            "com": "<a href=\"#p436683510\" class=\"quotelink\">&gt;&gt;436683510</a><br>What&#039;s the problem? Are men inherently dangerous?",
            "time": 1691021336,
            "resto": 436683510,
            "id": "XOCnNd4y",
            "country": "DK",
            "country_name": "Denmark"
        },
        {
            "no": 436687816,
            "now": "08/02/23(Wed)20:09:35",
            "name": "Anonymous",
            "com": "suck to be trans. now go eat da poo poo.<br><br>https://m.youtube.com/watch?v=XOB5s<wbr>yfDOB0",
            "time": 1691021375,
            "resto": 436683510,
            "id": "tOZ1zA2a",
            "country": "US",
            "country_name": "United States"
        },
        {
            "no": 436687845,
            "now": "08/02/23(Wed)20:09:57",
            "name": "Anonymous",
            "com": "<a href=\"#p436685004\" class=\"quotelink\">&gt;&gt;436685004</a><br>More like a board for rabbis, rabbi.",
            "time": 1691021397,
            "resto": 436683510,
            "id": "j6Bq+jRZ",
            "country": "GB",
            "country_name": "United Kingdom"
        },
        {
            "no": 436687878,
            "now": "08/02/23(Wed)20:10:19",
            "name": "Anonymous",
            "com": "<a href=\"#p436686097\" class=\"quotelink\">&gt;&gt;436686097</a><br><span class=\"quote\">&gt;We don&#039;t have special a special army for schizo&#039;s who think they&#039;re Napoleon either.</span><br>He doesn&#039;t know",
            "filename": "1663376337932056",
            "ext": ".png",
            "w": 618,
            "h": 618,
            "tn_w": 125,
            "tn_h": 125,
            "tim": 1691021419464952,
            "time": 1691021419,
            "md5": "WlUeNNDUgk1tDkTK8TqjzQ==",
            "fsize": 130532,
            "resto": 436683510,
            "id": "UKQY93Rl",
            "country": "US",
            "country_name": "United States"
        },
        {
            "no": 436687907,
            "now": "08/02/23(Wed)20:10:43",
            "name": "Anonymous",
            "com": "<a href=\"#p436684223\" class=\"quotelink\">&gt;&gt;436684223</a><br>Okay, I&#039;ll bite your advanced biology bait.<br>Define &#039;woman&#039; without using circular reasoning.",
            "filename": "1669229664730270",
            "ext": ".gif",
            "w": 960,
            "h": 779,
            "tn_w": 125,
            "tn_h": 101,
            "tim": 1691021443719048,
            "time": 1691021443,
            "md5": "6xEhanr2UkbOwn3LIECakA==",
            "fsize": 2177337,
            "resto": 436683510,
            "id": "DKIsKyhp",
            "country": "US",
            "country_name": "United States"
        },
        {
            "no": 436687984,
            "now": "08/02/23(Wed)20:11:40",
            "name": "Anonymous",
            "com": "<a href=\"#p436683510\" class=\"quotelink\">&gt;&gt;436683510</a><br><span class=\"quote\">&gt;become a disgusting tranny</span><br><span class=\"quote\">&gt;cry victim over the situation of your own creation</span><br><br>no wonder jews like trans. so much in common.",
            "time": 1691021500,
            "resto": 436683510,
            "id": "Ly1bSNaV",
            "country": "US",
            "country_name": "United States"
        },
        {
            "no": 436688011,
            "now": "08/02/23(Wed)20:11:52",
            "name": "Anonymous",
            "com": "<a href=\"#p436687589\" class=\"quotelink\">&gt;&gt;436687589</a><br> You&#039;d be surprised actually. It depends whether a tranny is AGP or homosexual. AGP trannies legitimately fear men&#039;s bathrooms because they&#039;re not attracted to men. These are the delusional troll-beast in skirts who think that they&#039;re &quot;lesbians&quot;. AGP trannies are the majority and the most visible and typically the ugliest and most obvious.<br><br> Homosexual trannies are a minority and are basically just super effete gay men taking their extreme effeminacy to its logical conclusion. These troons make far more of an effort to look pretty and female because for them its all about getting the dick. They don&#039;t make as much of a noise about bathrooms because they&#039;ve long since been slipping into men&#039;s bathrooms to suck dick.",
            "time": 1691021512,
            "resto": 436683510,
            "id": "pENsO6si",
            "country": "US",
            "country_name": "United States"
        },
        {
            "no": 436688012,
            "now": "08/02/23(Wed)20:11:53",
            "name": "Anonymous",
            "com": "<a href=\"#p436683510\" class=\"quotelink\">&gt;&gt;436683510</a><br>Maybe they should stay in their faggot places. You dont see the majority of white people going into black bars and there is a reason for that.",
            "time": 1691021513,
            "resto": 436683510,
            "id": "dQGTrlmE",
            "country": "US",
            "country_name": "United States"
        },
        {
            "no": 436688018,
            "now": "08/02/23(Wed)20:11:56",
            "name": "Anonymous",
            "com": "<a href=\"#p436683510\" class=\"quotelink\">&gt;&gt;436683510</a><br>Transwomen don\u2019t exist because they\u2019re men. Imagine women having to put up with such disrespect. Putting on a dress and wig and pretending to sound like a girl doesn\u2019t make you a woman, it makes you mentally ill.",
            "time": 1691021516,
            "resto": 436683510,
            "id": "ywG2bsnL",
            "country": "US",
            "country_name": "United States"
        },
        {
            "no": 436688027,
            "now": "08/02/23(Wed)20:12:00",
            "name": "Anonymous",
            "com": "<a href=\"#p436683669\" class=\"quotelink\">&gt;&gt;436683669</a><br>kek underrated",
            "time": 1691021520,
            "resto": 436683510,
            "id": "ThOIFr2p",
            "country": "US",
            "country_name": "United States"
        },
        {
            "no": 436688137,
            "now": "08/02/23(Wed)20:13:13",
            "name": "Anonymous",
            "com": "Rope that nigger",
            "time": 1691021593,
            "resto": 436683510,
            "id": "9WweAkpN",
            "board_flag": "WP",
            "flag_name": "White Supremacist"
        },
        {
            "no": 436688157,
            "now": "08/02/23(Wed)20:13:21",
            "name": "Anonymous",
            "com": "<a href=\"#p436686097\" class=\"quotelink\">&gt;&gt;436686097</a><br><a href=\"#p436687878\" class=\"quotelink\">&gt;&gt;436687878</a><br>Bro&#039;s you&#039;re scaring me. I have so little faith in humanity left. Please don&#039;t take it away.",
            "time": 1691021601,
            "resto": 436683510,
            "id": "DVkgjQ3o",
            "country": "NL",
            "country_name": "Netherlands"
        },
        {
            "no": 436688208,
            "now": "08/02/23(Wed)20:13:59",
            "name": "Anonymous",
            "com": "<a href=\"#p436683669\" class=\"quotelink\">&gt;&gt;436683669</a><br>Mucho kek",
            "filename": "1658182736796255",
            "ext": ".jpg",
            "w": 498,
            "h": 498,
            "tn_w": 125,
            "tn_h": 125,
            "tim": 1691021639914677,
            "time": 1691021639,
            "md5": "91xrGhEUhNPtmArjUNxpsA==",
            "fsize": 18869,
            "resto": 436683510,
            "id": "DGqiDF4Y",
            "country": "US",
            "country_name": "United States"
        },
        {
            "no": 436688284,
            "now": "08/02/23(Wed)20:14:38",
            "name": "Anonymous",
            "com": "<a href=\"#p436683510\" class=\"quotelink\">&gt;&gt;436683510</a><br>that just shows they should have their own unisex bathroom",
            "time": 1691021678,
            "resto": 436683510,
            "id": "n2QonS7U",
            "country": "US",
            "country_name": "United States"
        },
        {
            "no": 436688315,
            "now": "08/02/23(Wed)20:14:58",
            "name": "Anonymous",
            "com": "<a href=\"#p436683510\" class=\"quotelink\">&gt;&gt;436683510</a><br>They\u2019re far more likely to hurt themselves",
            "time": 1691021698,
            "resto": 436683510,
            "id": "nSHYVsR2",
            "country": "US",
            "country_name": "United States"
        },
        {
            "no": 436688406,
            "now": "08/02/23(Wed)20:15:56",
            "name": "Anonymous",
            "com": "they put themselves in that position by being tranny freaks",
            "time": 1691021756,
            "resto": 436683510,
            "id": "gIRm4zlh",
            "country": "CL",
            "country_name": "Chile"
        },
        {
            "no": 436688449,
            "now": "08/02/23(Wed)20:16:27",
            "name": "Anonymous",
            "com": "<a href=\"#p436684714\" class=\"quotelink\">&gt;&gt;436684714</a><br><span class=\"quote\">&gt;DON&#039;T CROSS DRESS IN PUBLIC</span><br>Fucking this.<br>Why can&#039;t these weirdos keep their kink to themselves and other internet perverts?",
            "time": 1691021787,
            "resto": 436683510,
            "id": "u7HFr3C0",
            "country": "US",
            "country_name": "United States"
        },
        {
            "no": 436688482,
            "now": "08/02/23(Wed)20:16:39",
            "name": "Anonymous",
            "com": "<a href=\"#p436683510\" class=\"quotelink\">&gt;&gt;436683510</a>",
            "filename": "68445645",
            "ext": ".png",
            "w": 438,
            "h": 446,
            "tn_w": 122,
            "tn_h": 124,
            "tim": 1691021799952939,
            "time": 1691021799,
            "md5": "wW1+QpY4ru2A6erMFf884g==",
            "fsize": 424108,
            "resto": 436683510,
            "id": "smK31bgl",
            "country": "US",
            "country_name": "United States"
        },
        {
            "no": 436688559,
            "now": "08/02/23(Wed)20:17:29",
            "name": "Anonymous",
            "com": "<a href=\"#p436686953\" class=\"quotelink\">&gt;&gt;436686953</a><br>i really dont get how women are pissed off by that, they take the worst traits of women and inflate them massively and go just off stereotypes",
            "time": 1691021849,
            "resto": 436683510,
            "id": "HhJFs8zf",
            "country": "US",
            "country_name": "United States"
        },
        {
            "no": 436688573,
            "now": "08/02/23(Wed)20:17:36",
            "name": "Anonymous",
            "com": "Mfw tranny enters",
            "filename": "IMG_1879",
            "ext": ".jpg",
            "w": 610,
            "h": 476,
            "tn_w": 125,
            "tn_h": 97,
            "tim": 1691021856134006,
            "time": 1691021856,
            "md5": "/kD48XbwzBo/UQcnD41Utg==",
            "fsize": 37039,
            "resto": 436683510,
            "id": "vwBuJ9TO",
            "country": "US",
            "country_name": "United States"
        },
        {
            "no": 436688598,
            "now": "08/02/23(Wed)20:17:44",
            "name": "Anonymous",
            "com": "<a href=\"#p436683510\" class=\"quotelink\">&gt;&gt;436683510</a><br>Wouldn&#039;t those guys just laugh at the non-passing tranny? I&#039;d be hard-pressed to keep a straight face looking at a freak in a dress and wig.",
            "time": 1691021864,
            "resto": 436683510,
            "id": "Vzu7oq0Q",
            "country": "US",
            "country_name": "United States"
        },
        {
            "no": 436688609,
            "now": "08/02/23(Wed)20:17:50",
            "name": "Anonymous",
            "com": "<a href=\"#p436683510\" class=\"quotelink\">&gt;&gt;436683510</a><br>Then dont be trans",
            "time": 1691021870,
            "resto": 436683510,
            "id": "Jy5tug7A",
            "country": "US",
            "country_name": "United States"
        },
        {
            "no": 436688637,
            "now": "08/02/23(Wed)20:18:18",
            "name": "Anonymous",
            "com": "<span class=\"quote\">&gt;pol wants me to use men&#039;s bathroom</span>",
            "filename": "20221210_035641",
            "ext": ".jpg",
            "w": 452,
            "h": 638,
            "tn_w": 88,
            "tn_h": 125,
            "tim": 1691021898663192,
            "time": 1691021898,
            "md5": "1XKzK7o+IVVVRhLL+Hc9GA==",
            "fsize": 57193,
            "resto": 436683510,
            "id": "b36YjfG/",
            "country": "US",
            "country_name": "United States"
        },
        {
            "no": 436688666,
            "now": "08/02/23(Wed)20:18:39",
            "name": "Anonymous",
            "com": "<a href=\"#p436685979\" class=\"quotelink\">&gt;&gt;436685979</a><br>Is it?",
            "time": 1691021919,
            "resto": 436683510,
            "id": "3ceGuE4/",
            "country": "US",
            "country_name": "United States"
        },
        {
            "no": 436688701,
            "now": "08/02/23(Wed)20:19:02",
            "name": "Anonymous",
            "com": "<a href=\"#p436688573\" class=\"quotelink\">&gt;&gt;436688573</a><br>ummm based",
            "time": 1691021942,
            "resto": 436683510,
            "id": "YZlzXewB",
            "country": "US",
            "country_name": "United States"
        },
        {
            "no": 436688703,
            "now": "08/02/23(Wed)20:19:04",
            "name": "Anonymous",
            "com": "<a href=\"#p436688284\" class=\"quotelink\">&gt;&gt;436688284</a><br>Handicapped Bathroom.<br>As you can CLEARLY SEE<br>a TransWomen is NUTS.",
            "time": 1691021944,
            "resto": 436683510,
            "id": "JZGSLNrf",
            "board_flag": "KN",
            "flag_name": "Kekistani"
        },
        {
            "no": 436688711,
            "now": "08/02/23(Wed)20:19:08",
            "name": "Anonymous",
            "com": "<a href=\"#p436683510\" class=\"quotelink\">&gt;&gt;436683510</a><br>Yes, trannies should be beaten and raped.",
            "time": 1691021948,
            "resto": 436683510,
            "id": "B1yqQN6M",
            "country": "US",
            "country_name": "United States"
        },
        {
            "no": 436688712,
            "now": "08/02/23(Wed)20:19:08",
            "name": "Anonymous",
            "com": "<a href=\"#p436683785\" class=\"quotelink\">&gt;&gt;436683785</a><br>So true!<br>https://archive.org/details/iygagtw<wbr>-ebook-review-copy",
            "filename": "IYGAGTW Cover",
            "ext": ".png",
            "w": 1169,
            "h": 1793,
            "tn_w": 81,
            "tn_h": 125,
            "tim": 1691021948796635,
            "time": 1691021948,
            "md5": "N+A8F8s75Rbe3/ULlzP54w==",
            "fsize": 3636669,
            "resto": 436683510,
            "id": "WpC/dPPC",
            "country": "US",
            "m_img": 1,
            "country_name": "United States"
        },
        {
            "no": 436688782,
            "now": "08/02/23(Wed)20:19:56",
            "name": "Anonymous",
            "com": "<a href=\"#p436687907\" class=\"quotelink\">&gt;&gt;436687907</a><br>The gender woman is a disposition. woman biologically is &#039;assigned&#039; sex. Gender is like an electrical current, fluid and it will fuck you up if you mess with it buddy.",
            "filename": "1659900885076",
            "ext": ".jpg",
            "w": 1088,
            "h": 1134,
            "tn_w": 119,
            "tn_h": 125,
            "tim": 1691021996287567,
            "time": 1691021996,
            "md5": "zMKkL63fmvJDDMsbJPca6Q==",
            "fsize": 149498,
            "resto": 436683510,
            "id": "HTsehpx2",
            "country": "US",
            "m_img": 1,
            "country_name": "United States"
        },
        {
            "no": 436688857,
            "now": "08/02/23(Wed)20:20:51",
            "name": "Anonymous",
            "com": "<a href=\"#p436683510\" class=\"quotelink\">&gt;&gt;436683510</a><br><span class=\"quote\">&gt;pictured transman about to be raped by two transwomen.</span>",
            "time": 1691022051,
            "resto": 436683510,
            "id": "NvLPSLJC",
            "country": "CA",
            "country_name": "Canada"
        },
        {
            "no": 436689035,
            "now": "08/02/23(Wed)20:22:42",
            "name": "Anonymous",
            "com": "<a href=\"#p436688782\" class=\"quotelink\">&gt;&gt;436688782</a><br>Check out a book called &quot;Voluptuous Panic,&quot; written by a gay man who actually referred to the period with degeneracy like child prostitution as a &quot;lost paradise of libertine sexual freedom&quot;<br><br>https://www.ranker.com/list/weimar-<wbr>republic/lea-rose-emery<br><br>Honestly sometimes you have to thank the opposition for being so unabashedly proud of what they want, because it very could have been hidden and inaccessible to the general public. But no, there it is, sitting out in the open. The end goal of the degeneracy push, Weimar Berlin<br><br>https://www.salon.com/2000/11/22/we<wbr>imar/<br><br>&quot;Indeed, the sheer variety of odd sexual tastes Gordon documents in &quot;Voluptuous Panic&quot; is astonishing. For instance, Gordon identifies 16 different types of prostitutes, including &quot;telephone girls,&quot; enormously expensive child prostitutes labeled &quot;Marlene Dietrichs&quot; or &quot;Lillian Harveys&quot; according to their physical attributes. These girls could be ordered by phone and delivered by taxi to the client.&quot;<br><br>&quot;Practically any kink or desire could be carried out in Berlin at this time, and it didn&#039;t always have to involve a human partner. Italian journalist Luigi Barzini describes possibly the most unusual sex act in the Weimar Republic that involved a goose:<br><br><br>I saw pimps offering anything to anybody: little boys, little girls, robust young men, libidinous women, animals. The story went the rounds that a male goose whose neck you cut at just the right ecstatic moment would give you the most delicious frisson of all\u2014as it allowed you to enjoy sodomy, bestiality, homosexuality, necrophilia and sadism at one stroke.&quot;<br> (You) (You) (You) (You) (You) (You) (You) (You) (You) (You) (You) (You) (You) (You) (You) <br>https://historycollection.com/17-re<wbr>asons-why-germanys-weimar-republic-<wbr>was-a-party-lovers-paradise/9/<br>(You) (You) (You) (You) (You) (You) (You) (You) (You)(You)(You) (You) (You) (You) (You)(You)<br>https://legiochristi.com/static/lit<wbr>/Voluptuous_Panic.pdf",
            "time": 1691022162,
            "resto": 436683510,
            "id": "LFGqU4Ge",
            "country": "US",
            "country_name": "United States"
        },
        {
            "no": 436689067,
            "now": "08/02/23(Wed)20:23:04",
            "name": "Anonymous",
            "com": "<a href=\"#p436684223\" class=\"quotelink\">&gt;&gt;436684223</a><br>Puberty doesn\u2019t have a 50% suicide rate",
            "time": 1691022184,
            "resto": 436683510,
            "id": "QkMLu4X4",
            "country": "US",
            "country_name": "United States"
        },
        {
            "no": 436689081,
            "now": "08/02/23(Wed)20:23:17",
            "name": "Anonymous",
            "com": "<a href=\"#p436688637\" class=\"quotelink\">&gt;&gt;436688637</a><br>Same tits as my ex",
            "time": 1691022197,
            "resto": 436683510,
            "id": "/YeAtqnZ",
            "country": "US",
            "country_name": "United States"
        },
        {
            "no": 436689135,
            "now": "08/02/23(Wed)20:23:54",
            "name": "Anonymous",
            "com": "<a href=\"#p436688637\" class=\"quotelink\">&gt;&gt;436688637</a><br><span class=\"quote\">&gt;/pol/ wants to use me in the men&#039;s bathhouse</span><br>ftfy",
            "time": 1691022234,
            "resto": 436683510,
            "id": "n5uP0keG",
            "country": "US",
            "country_name": "United States"
        },
        {
            "no": 436689171,
            "now": "08/02/23(Wed)20:24:23",
            "name": "Anonymous",
            "com": "<a href=\"#p436688637\" class=\"quotelink\">&gt;&gt;436688637</a>",
            "filename": "1689789125586826",
            "ext": ".jpg",
            "w": 480,
            "h": 480,
            "tn_w": 125,
            "tn_h": 125,
            "tim": 1691022263029254,
            "time": 1691022263,
            "md5": "SmS2oQXAWvZGnZ4q8pI9ew==",
            "fsize": 13855,
            "resto": 436683510,
            "id": "b36YjfG/",
            "country": "US",
            "country_name": "United States"
        },
        {
            "no": 436689233,
            "now": "08/02/23(Wed)20:25:05",
            "name": "Anonymous",
            "com": "<a href=\"#p436684223\" class=\"quotelink\">&gt;&gt;436684223</a><br>Politicians writing in the Puberty act to stop &#039;Trans Kids&#039;:",
            "filename": "Brutal",
            "ext": ".gif",
            "w": 500,
            "h": 281,
            "tn_w": 125,
            "tn_h": 70,
            "tim": 1691022305636012,
            "time": 1691022305,
            "md5": "OvbIgis2UuGueYmMNUGkxg==",
            "fsize": 97208,
            "resto": 436683510,
            "id": "rXvS7Ewq",
            "country": "NZ",
            "country_name": "New Zealand"
        },
        {
            "no": 436689244,
            "now": "08/02/23(Wed)20:25:14",
            "name": "Anonymous",
            "com": "<a href=\"#p436688637\" class=\"quotelink\">&gt;&gt;436688637</a><br>You deserve to be raped tranny faggot.",
            "time": 1691022314,
            "resto": 436683510,
            "id": "3ceGuE4/",
            "country": "US",
            "country_name": "United States"
        },
        {
            "no": 436689271,
            "now": "08/02/23(Wed)20:25:31",
            "name": "Anonymous",
            "com": "<a href=\"#p436689081\" class=\"quotelink\">&gt;&gt;436689081</a><br>Hot, thanks <br><br><a href=\"#p436689135\" class=\"quotelink\">&gt;&gt;436689135</a><br>You want me to suck your cock, I know it <br>Well im a top so you will suck mine",
            "time": 1691022331,
            "resto": 436683510,
            "id": "b36YjfG/",
            "country": "US",
            "country_name": "United States"
        },
        {
            "no": 436689423,
            "now": "08/02/23(Wed)20:26:49",
            "name": "Anonymous",
            "com": "<a href=\"#p436683510\" class=\"quotelink\">&gt;&gt;436683510</a><br>No, dude, you cannot go in the women&#039;s restroom.",
            "time": 1691022409,
            "resto": 436683510,
            "id": "jh80kLvn",
            "country": "US",
            "country_name": "United States"
        },
        {
            "no": 436689505,
            "now": "08/02/23(Wed)20:27:45",
            "name": "Anonymous",
            "com": "<a href=\"#p436689271\" class=\"quotelink\">&gt;&gt;436689271</a><br><span class=\"quote\">&gt;Well im a top so you will suck mine</span><br>lmao, good luck",
            "time": 1691022465,
            "resto": 436683510,
            "id": "n5uP0keG",
            "country": "US",
            "country_name": "United States"
        },
        {
            "no": 436689509,
            "now": "08/02/23(Wed)20:27:48",
            "name": "Anonymous",
            "com": "<a href=\"#p436689244\" class=\"quotelink\">&gt;&gt;436689244</a><br>I&#039;m literally laying in bed in full lingerie rn, yah I wanna get raped",
            "filename": "20230802_172654",
            "ext": ".jpg",
            "w": 605,
            "h": 319,
            "tn_w": 125,
            "tn_h": 65,
            "tim": 1691022468098155,
            "time": 1691022468,
            "md5": "UbaCEPF2aPXoIVwppEabOQ==",
            "fsize": 43608,
            "resto": 436683510,
            "id": "b36YjfG/",
            "country": "US",
            "country_name": "United States"
        },
        {
            "no": 436689646,
            "now": "08/02/23(Wed)20:29:26",
            "name": "Anonymous",
            "com": "<a href=\"#p436689271\" class=\"quotelink\">&gt;&gt;436689271</a><br>would but i know you&#039;re just larp posting some shemale you found on onlyfans <br>you aren&#039;t even trans",
            "time": 1691022566,
            "resto": 436683510,
            "id": "FoXv3rq1",
            "country": "US",
            "country_name": "United States"
        },
        {
            "no": 436689667,
            "now": "08/02/23(Wed)20:29:39",
            "name": "Anonymous",
            "com": "<a href=\"#p436688637\" class=\"quotelink\">&gt;&gt;436688637</a><br>I don&#039;t want you to use any bathroom, you&#039;re an animal go shit outside",
            "time": 1691022579,
            "resto": 436683510,
            "id": "S4zaeNeR",
            "country": "US",
            "country_name": "United States"
        },
        {
            "no": 436689716,
            "now": "08/02/23(Wed)20:30:20",
            "name": "Anonymous",
            "com": "<a href=\"#p436689509\" class=\"quotelink\">&gt;&gt;436689509</a><br>Actually I really wanna mock Justin Trudeau hahaha faggot can&#039;t keep and country or family together. Wish jordan peterson would run",
            "time": 1691022620,
            "resto": 436683510,
            "id": "b36YjfG/",
            "country": "US",
            "country_name": "United States"
        },
        {
            "no": 436689750,
            "now": "08/02/23(Wed)20:30:52",
            "name": "Anonymous",
            "com": "<a href=\"#p436683510\" class=\"quotelink\">&gt;&gt;436683510</a><br>Trans women look like men though.<br>Why are they portraying a female appearance?",
            "time": 1691022652,
            "resto": 436683510,
            "id": "O0byxHaP",
            "country": "US",
            "country_name": "United States"
        },
        {
            "no": 436689765,
            "now": "08/02/23(Wed)20:31:06",
            "name": "Anonymous",
            "com": "<a href=\"#p436689667\" class=\"quotelink\">&gt;&gt;436689667</a><br><span class=\"quote\">&gt;you&#039;re an animal go shit outside</span><br>Hot, put a leash on me daddy",
            "time": 1691022666,
            "resto": 436683510,
            "id": "b36YjfG/",
            "country": "US",
            "country_name": "United States"
        },
        {
            "no": 436689892,
            "now": "08/02/23(Wed)20:32:44",
            "name": "Anonymous",
            "com": "<a href=\"#p436689750\" class=\"quotelink\">&gt;&gt;436689750</a><br>Yeah I&#039;m like sooo masculine",
            "filename": "20230802_173214",
            "ext": ".jpg",
            "w": 491,
            "h": 474,
            "tn_w": 125,
            "tn_h": 120,
            "tim": 1691022764267676,
            "time": 1691022764,
            "md5": "BuUrxH6ytpklsYxc1Oj3TA==",
            "fsize": 50820,
            "resto": 436683510,
            "id": "b36YjfG/",
            "country": "US",
            "country_name": "United States"
        },
        {
            "no": 436689968,
            "now": "08/02/23(Wed)20:33:38",
            "name": "Anonymous",
            "com": "<a href=\"#p436689765\" class=\"quotelink\">&gt;&gt;436689765</a><br>You&#039;ll have a chain around your neck all right",
            "time": 1691022818,
            "resto": 436683510,
            "id": "S4zaeNeR",
            "country": "US",
            "country_name": "United States"
        },
        {
            "no": 436689997,
            "now": "08/02/23(Wed)20:34:03",
            "name": "Anonymous",
            "com": "<a href=\"#p436689892\" class=\"quotelink\">&gt;&gt;436689892</a><br>We know that&#039;s not you.<br><a href=\"#p436689646\" class=\"quotelink\">&gt;&gt;436689646</a>",
            "time": 1691022843,
            "resto": 436683510,
            "id": "u7HFr3C0",
            "country": "US",
            "country_name": "United States"
        },
        {
            "no": 436690009,
            "now": "08/02/23(Wed)20:34:13",
            "name": "Anonymous",
            "com": "<a href=\"#p436683510\" class=\"quotelink\">&gt;&gt;436683510</a><br>Of course I will, it&#039;s obvious the troon is really one of their ex members who snitched on the feds costing their operation of over 50 million to go to the shredder, now imagine the people you fucked over happen to be in the same men&#039;s bathroom you&#039;re trying to do your troon stunt with.",
            "time": 1691022853,
            "resto": 436683510,
            "id": "ChAug3Qg",
            "country": "US",
            "country_name": "United States"
        },
        {
            "no": 436690047,
            "now": "08/02/23(Wed)20:34:34",
            "name": "Anonymous",
            "com": "<a href=\"#p436689968\" class=\"quotelink\">&gt;&gt;436689968</a><br>Fag drag?",
            "time": 1691022874,
            "resto": 436683510,
            "id": "u7HFr3C0",
            "country": "US",
            "country_name": "United States"
        },
        {
            "no": 436690070,
            "now": "08/02/23(Wed)20:34:55",
            "name": "Anonymous",
            "com": "Trans woman=woman on testosterone.",
            "time": 1691022895,
            "resto": 436683510,
            "id": "O0byxHaP",
            "country": "US",
            "country_name": "United States"
        },
        {
            "no": 436690138,
            "now": "08/02/23(Wed)20:35:44",
            "name": "Anonymous",
            "com": "<a href=\"#p436689892\" class=\"quotelink\">&gt;&gt;436689892</a><br>Nice LARP lmfao. This definitely aint you",
            "time": 1691022944,
            "resto": 436683510,
            "id": "YpSTFteY",
            "country": "AU",
            "country_name": "Australia"
        },
        {
            "no": 436690180,
            "now": "08/02/23(Wed)20:36:16",
            "name": "Anonymous",
            "com": "<a href=\"#p436683510\" class=\"quotelink\">&gt;&gt;436683510</a><br>Dont tell me sissy cd slut doesnt want to get used by older truckers",
            "time": 1691022976,
            "resto": 436683510,
            "id": "e5hTq9fT",
            "country": "US",
            "country_name": "United States"
        },
        {
            "no": 436690208,
            "now": "08/02/23(Wed)20:36:35",
            "name": "Anonymous",
            "com": "so true! whiteboi incels don&#039;t accept the fact that theyre eggs waiting to be cracked~",
            "time": 1691022995,
            "resto": 436683510,
            "id": "RRNGUDoD",
            "board_flag": "PR",
            "flag_name": "Pirate"
        },
        {
            "no": 436690278,
            "now": "08/02/23(Wed)20:37:24",
            "name": "D. A. G. I. A.",
            "com": "<a href=\"#p436683510\" class=\"quotelink\">&gt;&gt;436683510</a><br>I use the men&#039;s restroom all the time",
            "time": 1691023044,
            "resto": 436683510,
            "id": "pUNAOS7p",
            "country": "US",
            "country_name": "United States"
        },
        {
            "no": 436690283,
            "now": "08/02/23(Wed)20:37:26",
            "name": "Anonymous",
            "com": "<a href=\"#p436683510\" class=\"quotelink\">&gt;&gt;436683510</a><br>My grandmother had this phobia about public restrooms, hygiene related I think. She just made sure she didn&#039;t have to use public restrooms. What she didn&#039;t was try to force society to change to suit her neuroses. Wake me up when people start forcing you into bathrooms instead of you voluntarily walking in there on your own accord.",
            "time": 1691023046,
            "resto": 436683510,
            "id": "Lkwj2sX/",
            "country": "NO",
            "country_name": "Norway"
        },
        {
            "no": 436690396,
            "now": "08/02/23(Wed)20:38:42",
            "name": "Anonymous",
            "com": "<a href=\"#p436683510\" class=\"quotelink\">&gt;&gt;436683510</a>",
            "filename": "82F3A2B4-5EE4-4CD9-837B-4F94893185B6",
            "ext": ".jpg",
            "w": 310,
            "h": 163,
            "tn_w": 124,
            "tn_h": 65,
            "tim": 1691023122167390,
            "time": 1691023122,
            "md5": "8buCvQ25HzxMybRVmVowxg==",
            "fsize": 5985,
            "resto": 436683510,
            "id": "QLnFV1Vh",
            "country": "US",
            "country_name": "United States"
        },
        {
            "no": 436690414,
            "now": "08/02/23(Wed)20:38:53",
            "name": "Anonymous",
            "com": "<a href=\"#p436688637\" class=\"quotelink\">&gt;&gt;436688637</a><br><span class=\"quote\">&gt;that awful circumcision scar</span><br><br>this persons already mutilated",
            "time": 1691023133,
            "resto": 436683510,
            "id": "mXa/+VJH",
            "country": "US",
            "country_name": "United States"
        },
        {
            "no": 436690519,
            "now": "08/02/23(Wed)20:40:23",
            "name": "Anonymous",
            "com": "<a href=\"#p436689271\" class=\"quotelink\">&gt;&gt;436689271</a><br><span class=\"quote\">&gt;Well im a top</span><br>Kek no sweetie you&#039;re a bimbo tranny slut and I&#039;ll treat you like the cumdumpster your dad made you into",
            "time": 1691023223,
            "resto": 436683510,
            "id": "/YeAtqnZ",
            "country": "US",
            "country_name": "United States"
        },
        {
            "no": 436690577,
            "now": "08/02/23(Wed)20:40:56",
            "name": "Anonymous",
            "com": "<a href=\"#p436688637\" class=\"quotelink\">&gt;&gt;436688637</a><br>I want you to stay home and not bother normal people.",
            "time": 1691023256,
            "resto": 436683510,
            "id": "Lkwj2sX/",
            "country": "NO",
            "country_name": "Norway"
        },
        {
            "no": 436690645,
            "now": "08/02/23(Wed)20:41:45",
            "name": "Anonymous",
            "com": "<a href=\"#p436688637\" class=\"quotelink\">&gt;&gt;436688637</a><br>You made the choice now accept the consequences.",
            "time": 1691023305,
            "resto": 436683510,
            "id": "LFInGsng",
            "country": "US",
            "country_name": "United States"
        },
        {
            "no": 436690705,
            "now": "08/02/23(Wed)20:42:33",
            "name": "Anonymous",
            "com": "<a href=\"#p436683510\" class=\"quotelink\">&gt;&gt;436683510</a><br>Encouraging insanity doesn&#039;t make you any better.",
            "time": 1691023353,
            "resto": 436683510,
            "id": "NExlKtgb",
            "country": "US",
            "country_name": "United States"
        },
        {
            "no": 436690802,
            "now": "08/02/23(Wed)20:43:41",
            "name": "Anonymous",
            "com": "<a href=\"#p436684223\" class=\"quotelink\">&gt;&gt;436684223</a><br>Actual biologist here, you can&#039;t change your gender and theirs no such thing as being the wrong gender in your brain.",
            "time": 1691023421,
            "resto": 436683510,
            "id": "9daR1w9B",
            "country": "US",
            "country_name": "United States"
        },
        {
            "no": 436690806,
            "now": "08/02/23(Wed)20:43:43",
            "name": "sage",
            "com": "<a href=\"#p436683510\" class=\"quotelink\">&gt;&gt;436683510</a><br>Except if you&#039;re a trans person that passes, you can use the women&#039;s room and nobody will bat an eye. If you don&#039;t pass, I don&#039;t disagree that you might encounter some guys that will make you feel uncomfortable, but their own ghoulish appearance will 100% make the women in the women&#039;s room feel uncomfortable, and that&#039;s absolutely not OK.",
            "time": 1691023423,
            "resto": 436683510,
            "id": "tuByif2P",
            "country": "US",
            "country_name": "United States"
        },
        {
            "no": 436690835,
            "now": "08/02/23(Wed)20:44:05",
            "name": "Anonymous",
            "com": "<a href=\"#p436683510\" class=\"quotelink\">&gt;&gt;436683510</a><br><span class=\"quote\">&gt;fascists will defend this act of violence.</span><br>JUST INSTALL THIRD TRANSGENDER ONLY BATHROOMS<br>EVERYBODY STAYS SAFE",
            "filename": "feb3d81f6b79b5f9efcc1d1355e1f38d",
            "ext": ".jpg",
            "w": 683,
            "h": 1024,
            "tn_w": 83,
            "tn_h": 125,
            "tim": 1691023445964138,
            "time": 1691023445,
            "md5": "sPQYFoZ8dML/Pp7ur3qFZQ==",
            "fsize": 122937,
            "resto": 436683510,
            "id": "d/ZMTpYe",
            "country": "US",
            "country_name": "United States"
        },
        {
            "no": 436690886,
            "now": "08/02/23(Wed)20:44:39",
            "name": "Anonymous",
            "com": "<a href=\"#p436690806\" class=\"quotelink\">&gt;&gt;436690806</a><br>literally zero trannies pass",
            "filename": "1690551615327328",
            "ext": ".png",
            "w": 560,
            "h": 520,
            "tn_w": 125,
            "tn_h": 116,
            "tim": 1691023479594351,
            "time": 1691023479,
            "md5": "V3U67YXFCBeiB8Jf7XIiCA==",
            "fsize": 340033,
            "resto": 436683510,
            "id": "d/ZMTpYe",
            "country": "US",
            "country_name": "United States"
        },
        {
            "no": 436691145,
            "now": "08/02/23(Wed)20:47:57",
            "name": "Anonymous",
            "com": "<a href=\"#p436684223\" class=\"quotelink\">&gt;&gt;436684223</a><br>puberty is a natural biological change, not a forced one like a sex change.",
            "filename": "1627620817939",
            "ext": ".jpg",
            "w": 1022,
            "h": 1024,
            "tn_w": 124,
            "tn_h": 125,
            "tim": 1691023677602291,
            "time": 1691023677,
            "md5": "TDoFymG9voi+wuDnJyQEJw==",
            "fsize": 248735,
            "resto": 436683510,
            "id": "WFyYMSkB",
            "country": "US",
            "country_name": "United States"
        },
        {
            "no": 436691220,
            "now": "08/02/23(Wed)20:48:52",
            "name": "Anonymous",
            "com": "<a href=\"#p436683876\" class=\"quotelink\">&gt;&gt;436683876</a><br>peak zoomer humor",
            "time": 1691023732,
            "resto": 436683510,
            "id": "OsEb7pI5",
            "country": "US",
            "country_name": "United States"
        },
        {
            "no": 436691239,
            "now": "08/02/23(Wed)20:49:06",
            "name": "Anonymous",
            "com": "femboys should use the men\u2019s room.",
            "filename": "IMG_0257",
            "ext": ".jpg",
            "w": 618,
            "h": 857,
            "tn_w": 90,
            "tn_h": 125,
            "tim": 1691023746584041,
            "time": 1691023746,
            "md5": "5cdiAZQPL3Lfl1F9+iYYYQ==",
            "fsize": 340907,
            "resto": 436683510,
            "id": "kyX/GpeX",
            "country": "US",
            "country_name": "United States"
        },
        {
            "no": 436691241,
            "now": "08/02/23(Wed)20:49:07",
            "name": "Anonymous",
            "com": "<a href=\"#p436683510\" class=\"quotelink\">&gt;&gt;436683510</a><br>Ever wonder why we didn&#039;t have troons a hundred years ago?",
            "filename": "lynching",
            "ext": ".png",
            "w": 910,
            "h": 512,
            "tn_w": 125,
            "tn_h": 70,
            "tim": 1691023747912693,
            "time": 1691023747,
            "md5": "iYjL0wgSpyjc4WVSRYULNw==",
            "fsize": 448740,
            "resto": 436683510,
            "id": "IVix1frj",
            "country": "US",
            "country_name": "United States"
        },
        {
            "no": 436691242,
            "now": "08/02/23(Wed)20:49:08",
            "name": "Anonymous",
            "com": "<a href=\"#p436683510\" class=\"quotelink\">&gt;&gt;436683510</a><br>FTFY",
            "filename": "FIXED",
            "ext": ".png",
            "w": 876,
            "h": 892,
            "tn_w": 122,
            "tn_h": 124,
            "tim": 1691023748045576,
            "time": 1691023748,
            "md5": "pa6e7iwQ+6cn0kz8mkqwYQ==",
            "fsize": 658425,
            "resto": 436683510,
            "id": "4+F/Dyxl",
            "country": "US",
            "country_name": "United States"
        },
        {
            "no": 436691401,
            "now": "08/02/23(Wed)20:51:05",
            "name": "Anonymous",
            "com": "<a href=\"#p436689892\" class=\"quotelink\">&gt;&gt;436689892</a><br>Nice 5oclock shadow dude",
            "time": 1691023865,
            "resto": 436683510,
            "id": "0dqE1N8t",
            "country": "GB",
            "country_name": "United Kingdom"
        },
        {
            "no": 436691621,
            "now": "08/02/23(Wed)20:53:51",
            "name": "Anonymous",
            "com": "<a href=\"#p436690414\" class=\"quotelink\">&gt;&gt;436690414</a><br>Inb4 the coping",
            "filename": "20230717_001535",
            "ext": ".jpg",
            "w": 516,
            "h": 386,
            "tn_w": 125,
            "tn_h": 93,
            "tim": 1691024031363198,
            "time": 1691024031,
            "md5": "VIu9H1nhMSpaLQRPzaijxA==",
            "fsize": 84991,
            "resto": 436683510,
            "id": "Zce5U4pn",
            "country": "US",
            "country_name": "United States"
        },
        {
            "no": 436691646,
            "now": "08/02/23(Wed)20:54:06",
            "name": "Anonymous",
            "com": "<a href=\"#p436691242\" class=\"quotelink\">&gt;&gt;436691242</a><br>HOLY FUCKING NIGGER COCK!<br>THAT IS LITERALLY REAL LIFE!",
            "filename": "1688076969773799",
            "ext": ".png",
            "w": 755,
            "h": 1108,
            "tn_w": 85,
            "tn_h": 124,
            "tim": 1691024046984250,
            "time": 1691024046,
            "md5": "08cT47JbW0NNjuMtv0YdYg==",
            "fsize": 277499,
            "resto": 436683510,
            "id": "d/ZMTpYe",
            "country": "US",
            "country_name": "United States"
        }
    ]
}