post_id,date_time,subject,comment/reply,name,is_op?,url
436683510,"Aug-02-2023, 19:21:24",No Subject,fascists will defend this act of violence.,Anonymous,True,http://boards.4chan.org/pol/thread/436683510/fascists-will-defend-this-act-of-violence#p436683510
436683627,"Aug-02-2023, 19:22:36",No Subject,"(REPLY) >>436683510
which one of them is the trans ones?",Anonymous,False,http://boards.4chan.org/pol/thread/436683510/fascists-will-defend-this-act-of-violence#p436683627
436683669,"Aug-02-2023, 19:23:09",No Subject,"(REPLY) >>436683510
Why? According to the guys hat, he’s just a baseball umpire.",Anonymous,False,http://boards.4chan.org/pol/thread/436683510/fascists-will-defend-this-act-of-violence#p436683669
436683684,"Aug-02-2023, 19:23:19",No Subject,"(REPLY) >>436683510
rename the board faggot mod 
it's a trannie spam board now rename that shit /pedor9k/",Anonymous,False,http://boards.4chan.org/pol/thread/436683510/fascists-will-defend-this-act-of-violence#p436683684
436683746,"Aug-02-2023, 19:24:09",No Subject,"(REPLY) >>436683510
We have to protect our trans sisters so they don't go into men's restrooms and get sodomized by big burly str8 men and their throbbing cocks penetrating supple bussy and depositing hot sticky loads on the humanity",Anonymous,False,http://boards.4chan.org/pol/thread/436683510/fascists-will-defend-this-act-of-violence#p436683746
436683785,"Aug-02-2023, 19:24:40",No Subject,"(REPLY) >>436683510
Nobody is obligated to participate in anybody else’s delusions.",Anonymous,False,http://boards.4chan.org/pol/thread/436683510/fascists-will-defend-this-act-of-violence#p436683785
436683870,"Aug-02-2023, 19:25:43",No Subject,"(REPLY) >>436683510
>Brazilian
>Thinks he is a woman
Lol you fuckers are barely even passing compared to the chinks who try it. Sad shit.",Anonymous,False,http://boards.4chan.org/pol/thread/436683510/fascists-will-defend-this-act-of-violence#p436683870
436683876,"Aug-02-2023, 19:25:47",No Subject,"(REPLY) >>436683746
alvay rember bussie price, or else u could be in the bad like the picture related in my post. 

WARNGING",Anonymous,False,http://boards.4chan.org/pol/thread/436683510/fascists-will-defend-this-act-of-violence#p436683876
436683972,"Aug-02-2023, 19:26:47",No Subject,"(REPLY) >>436683510
>implying the gay (trans) man isn't in there looking for some dick",Anonymous,False,http://boards.4chan.org/pol/thread/436683510/fascists-will-defend-this-act-of-violence#p436683972
436683976,"Aug-02-2023, 19:26:48",No Subject,"(REPLY) >>436683510
If it passes, nobody will know it's a man in the woman's bathroom. If it's passable, it gets a pass. Likely a real member of the 00.002% of actual transgenders.

If it doesn't pass, then it's just another AGP and it should stick to the bathroom it's supposed to be in, or stop trying to force everyone to play pretend with it.",Anonymous,False,http://boards.4chan.org/pol/thread/436683510/fascists-will-defend-this-act-of-violence#p436683976
436683978,"Aug-02-2023, 19:26:49",No Subject,"(REPLY) >>436683510

No one cares, tranny.",Anonymous,False,http://boards.4chan.org/pol/thread/436683510/fascists-will-defend-this-act-of-violence#p436683978
436684054,"Aug-02-2023, 19:27:45",No Subject,"(REPLY) >>436683510
>nooo if I go out in girls clothes I will be raped, beaten, and murdered!
Okay so stop wearing girls clothes
>noooooooo",Anonymous,False,http://boards.4chan.org/pol/thread/436683510/fascists-will-defend-this-act-of-violence#p436684054
436684116,"Aug-02-2023, 19:28:27",No Subject,"(REPLY) >>436683510
men don't give a shit. we have more pressing issue, such as cunts pissing on toilet seat",Anonymous,False,http://boards.4chan.org/pol/thread/436683510/fascists-will-defend-this-act-of-violence#p436684116
436684216,"Aug-02-2023, 19:29:38",No Subject,"(REPLY) >>436683976
>If it passes
lol
Ain't no such thing as a passing troon.",Anonymous,False,http://boards.4chan.org/pol/thread/436683510/fascists-will-defend-this-act-of-violence#p436684216
436684221,"Aug-02-2023, 19:29:40",No Subject,"(REPLY) >>436683510
ironic because every time I there was a line for the womens restroom, (actual) women would use mens restroom",Anonymous,False,http://boards.4chan.org/pol/thread/436683510/fascists-will-defend-this-act-of-violence#p436684221
436684223,"Aug-02-2023, 19:29:41",No Subject,"(REPLY) >>436683510
They don't believe in advanced biology they can't defend anything",Anonymous,False,http://boards.4chan.org/pol/thread/436683510/fascists-will-defend-this-act-of-violence#p436684223
436684262,"Aug-02-2023, 19:29:59",No Subject,"(REPLY) >>436683627
They're all trans",Anonymous,False,http://boards.4chan.org/pol/thread/436683510/fascists-will-defend-this-act-of-violence#p436684262
436684381,"Aug-02-2023, 19:31:19",No Subject,"(REPLY) >>436683510
>fascists will defend this act of violence.

Dirty looks leave bruises and broken bones? Nah, a tranny trying to touch a kid will know the difference.",Anonymous,False,http://boards.4chan.org/pol/thread/436683510/fascists-will-defend-this-act-of-violence#p436684381
436684524,"Aug-02-2023, 19:32:41",No Subject,"(REPLY) >>436683510
We capitalists will defend it as well.",Anonymous,False,http://boards.4chan.org/pol/thread/436683510/fascists-will-defend-this-act-of-violence#p436684524
436684624,"Aug-02-2023, 19:33:38",No Subject,"(REPLY) >>436683510
Muh caricaturized backwoods hobgloblins",Anonymous,False,http://boards.4chan.org/pol/thread/436683510/fascists-will-defend-this-act-of-violence#p436684624
436684714,"Aug-02-2023, 19:34:36",No Subject,"(REPLY) >>436683510
DON'T CROSS DRESS IN PUBLIC
Problem solved.
Also show me ONE incident nationwide when rednecks Fag Bashed anyone. It literally never happens.",Anonymous,False,http://boards.4chan.org/pol/thread/436683510/fascists-will-defend-this-act-of-violence#p436684714
436684857,"Aug-02-2023, 19:36:13",No Subject,"(REPLY) >>436684223
Like gravity?",Anonymous,False,http://boards.4chan.org/pol/thread/436683510/fascists-will-defend-this-act-of-violence#p436684857
436684873,"Aug-02-2023, 19:36:21",No Subject,"(REPLY) >>436684223
Puberty is a normal thing.",Anonymous,False,http://boards.4chan.org/pol/thread/436683510/fascists-will-defend-this-act-of-violence#p436684873
436685004,"Aug-02-2023, 19:37:57",No Subject,"(REPLY) >>436683684
>/pedor9k/
sounds like a board for Catholic priests, LEOs and christian youth pastors",Anonymous,False,http://boards.4chan.org/pol/thread/436683510/fascists-will-defend-this-act-of-violence#p436685004
436685138,"Aug-02-2023, 19:39:27",No Subject,"(REPLY) >>436685004
kek",Anonymous,False,http://boards.4chan.org/pol/thread/436683510/fascists-will-defend-this-act-of-violence#p436685138
436685177,"Aug-02-2023, 19:39:53",No Subject,"(REPLY) >>436683510
I'm not gonna be subjugated under a coward's heel. Fuck off. And fuck the jews.",Anonymous,False,http://boards.4chan.org/pol/thread/436683510/fascists-will-defend-this-act-of-violence#p436685177
436685185,"Aug-02-2023, 19:39:59",No Subject,Yes time to grow up and face the facts,Anonymous,False,http://boards.4chan.org/pol/thread/436683510/fascists-will-defend-this-act-of-violence#p436685185
436685231,"Aug-02-2023, 19:40:29",No Subject,"(REPLY) >>436684223
>advanced biology
so it's bullshit otherwise you would just call it biology",Anonymous,False,http://boards.4chan.org/pol/thread/436683510/fascists-will-defend-this-act-of-violence#p436685231
436685236,"Aug-02-2023, 19:40:31",No Subject,"(REPLY) >>436684262
/Thread",Anonymous,False,http://boards.4chan.org/pol/thread/436683510/fascists-will-defend-this-act-of-violence#p436685236
436685239,"Aug-02-2023, 19:40:36",No Subject,"(REPLY) >>436683669
lol",Anonymous,False,http://boards.4chan.org/pol/thread/436683510/fascists-will-defend-this-act-of-violence#p436685239
436685277,"Aug-02-2023, 19:41:03",No Subject,"(REPLY) >>436683510
fucking based
why do these troons think i care about their safety?",Anonymous,False,http://boards.4chan.org/pol/thread/436683510/fascists-will-defend-this-act-of-violence#p436685277
436685348,"Aug-02-2023, 19:41:48",No Subject,"(REPLY) >>436685004
Pedo rabbi rate is 4%. Pedo priest rate is 1/10 of 1%. 

This means for every 1000 priests, you only need 25 rabbis.

But then, Catholics don't own any television networks.",Anonymous,False,http://boards.4chan.org/pol/thread/436683510/fascists-will-defend-this-act-of-violence#p436685348
436685465,"Aug-02-2023, 19:43:09",No Subject,"(REPLY) >>436683510
and instead the opposite. young girls will have to face this and instead of trucker caps and cowboys its the same men with beards and mustaches wearing womens clothes and sometimes not even that.

Fucking perverts deserve the rope.",Anonymous,False,http://boards.4chan.org/pol/thread/436683510/fascists-will-defend-this-act-of-violence#p436685465
436685478,"Aug-02-2023, 19:43:16",No Subject,"(REPLY) >>436684221
i bet that bathroom would smell great, tons of women sitting down and opening their pussy flaps and letting that smell waft through the air",Anonymous,False,http://boards.4chan.org/pol/thread/436683510/fascists-will-defend-this-act-of-violence#p436685478
436685562,"Aug-02-2023, 19:44:21",No Subject,"(REPLY) >>436685478
>> A jew machine that gives the scent of shekels.",Anonymous,False,http://boards.4chan.org/pol/thread/436683510/fascists-will-defend-this-act-of-violence#p436685562
436685604,"Aug-02-2023, 19:44:45",No Subject,"(REPLY) >>436683510
>people who do crazy weird shit in public have to be uncomfortable sometimes
The horror",Anonymous,False,http://boards.4chan.org/pol/thread/436683510/fascists-will-defend-this-act-of-violence#p436685604
436685653,"Aug-02-2023, 19:45:16",No Subject,"(REPLY) >>436683510
I'm not seeing any violence. I hope something happens soon, though.",Anonymous,False,http://boards.4chan.org/pol/thread/436683510/fascists-will-defend-this-act-of-violence#p436685653
436685673,"Aug-02-2023, 19:45:28",No Subject,"(REPLY) >>436684223
Dollar store stonetoss comics of the far left
Nice",Anonymous,False,http://boards.4chan.org/pol/thread/436683510/fascists-will-defend-this-act-of-violence#p436685673
436685726,"Aug-02-2023, 19:46:06",No Subject,"(REPLY) >>436683510
made for bbc",Anonymous,False,http://boards.4chan.org/pol/thread/436683510/fascists-will-defend-this-act-of-violence#p436685726
436685757,"Aug-02-2023, 19:46:26",No Subject,"(REPLY) >>436684223
No, I don't believe in your pseudoscience groomer cult and I don't have to defend a fictional scenario in a cartoon.",Anonymous,False,http://boards.4chan.org/pol/thread/436683510/fascists-will-defend-this-act-of-violence#p436685757
436685784,"Aug-02-2023, 19:46:41",No Subject,"Deu to a situation I've created myself others have to deal with it instead of me. So the feelings of woman who for some reason have to bear the consequences of my life choices don't matter because I'm holy. 

Pic related: troons unironically think that they're special and that the purpose of everyone else is to serve them even if it costs them their lives.",Anonymous,False,http://boards.4chan.org/pol/thread/436683510/fascists-will-defend-this-act-of-violence#p436685784
436685805,"Aug-02-2023, 19:46:54",No Subject,"(REPLY) >>436683510
>passing trannies can easily enter women’s bathrooms and no one would notice
>non passing troons have to enter the men’s bathroom but they’re so repulsive no man would rape them anyway
I don’t see the problem",Anonymous,False,http://boards.4chan.org/pol/thread/436683510/fascists-will-defend-this-act-of-violence#p436685805
436685812,"Aug-02-2023, 19:47:00",No Subject,"(REPLY) >>436685348
You’re a fucking retard holy shit",Anonymous,False,http://boards.4chan.org/pol/thread/436683510/fascists-will-defend-this-act-of-violence#p436685812
436685823,"Aug-02-2023, 19:47:06",No Subject,"(REPLY) >>436683510
Why would people who don't like trannies give a shit when they're assaulted and murdered?",Anonymous,False,http://boards.4chan.org/pol/thread/436683510/fascists-will-defend-this-act-of-violence#p436685823
436685833,"Aug-02-2023, 19:47:15",No Subject,>WE NEED TO LET THEM RAPE LITTLE GIRLS IN THE CHANGE ROOM SO THEY DON'T GET WEIRD LOOKS FROM MEN IN THE BATHROOM,Anonymous,False,http://boards.4chan.org/pol/thread/436683510/fascists-will-defend-this-act-of-violence#p436685833
436685841,"Aug-02-2023, 19:47:19",No Subject,"(REPLY) >>436683510
Every trans woman I've seen in my life was the biggest mf in the room. Basically picrel in a dress.",Anonymous,False,http://boards.4chan.org/pol/thread/436683510/fascists-will-defend-this-act-of-violence#p436685841
436685848,"Aug-02-2023, 19:47:23",No Subject,"(REPLY) >>436683510
Lets get them separate bathrooms.",Anonymous,False,http://boards.4chan.org/pol/thread/436683510/fascists-will-defend-this-act-of-violence#p436685848
436685922,"Aug-02-2023, 19:48:08",No Subject,"(REPLY) >>436685848
Let them use the disabled toilet",Anonymous,False,http://boards.4chan.org/pol/thread/436683510/fascists-will-defend-this-act-of-violence#p436685922
436685935,"Aug-02-2023, 19:48:21",No Subject,"(REPLY) >>436683510
Yep. BASED. 
TTD",Anonymous,False,http://boards.4chan.org/pol/thread/436683510/fascists-will-defend-this-act-of-violence#p436685935
436685979,"Aug-02-2023, 19:48:45",No Subject,"(REPLY) >>436683746
Actually rape is a bad thing",Anonymous,False,http://boards.4chan.org/pol/thread/436683510/fascists-will-defend-this-act-of-violence#p436685979
436685985,"Aug-02-2023, 19:48:46",No Subject,"(REPLY) >>436685562
lmao",Anonymous,False,http://boards.4chan.org/pol/thread/436683510/fascists-will-defend-this-act-of-violence#p436685985
436686020,"Aug-02-2023, 19:49:15",No Subject,"(REPLY) >>436683510
Build your own vaginas? ok, build your own bathrooms. Simple.",Anonymous,False,http://boards.4chan.org/pol/thread/436683510/fascists-will-defend-this-act-of-violence#p436686020
436686028,"Aug-02-2023, 19:49:21",No Subject,"(REPLY) >>436683510
Yep. I want delusional faggots to use the same bathroom as me so I can rape them.",Anonymous,False,http://boards.4chan.org/pol/thread/436683510/fascists-will-defend-this-act-of-violence#p436686028
436686087,"Aug-02-2023, 19:49:57",No Subject,"(REPLY) >>436683510
To be honest, they're the ones voting for this.",Anonymous,False,http://boards.4chan.org/pol/thread/436683510/fascists-will-defend-this-act-of-violence#p436686087
436686097,"Aug-02-2023, 19:50:10",No Subject,"(REPLY) >>436685848
No, they've created the situation. Why should we solve it? We don't have special a special army for schizo's who think they're Napoleon either.",Anonymous,False,http://boards.4chan.org/pol/thread/436683510/fascists-will-defend-this-act-of-violence#p436686097
436686125,"Aug-02-2023, 19:50:26",No Subject,"(REPLY) >>436685812
Post nose, yid.",Anonymous,False,http://boards.4chan.org/pol/thread/436683510/fascists-will-defend-this-act-of-violence#p436686125
436686141,"Aug-02-2023, 19:50:36",No Subject,"(REPLY) >>436685841
this is every tranny",Anonymous,False,http://boards.4chan.org/pol/thread/436683510/fascists-will-defend-this-act-of-violence#p436686141
436686306,"Aug-02-2023, 19:52:31",No Subject,(REPLY) >>436686141,Anonymous,False,http://boards.4chan.org/pol/thread/436683510/fascists-will-defend-this-act-of-violence#p436686306
436686405,"Aug-02-2023, 19:53:38",No Subject,"(REPLY) >>436683785
Extremely well said. I will use this as a stock response for people's dumb shit. Here have an infographic.",Anonymous,False,http://boards.4chan.org/pol/thread/436683510/fascists-will-defend-this-act-of-violence#p436686405
436686636,"Aug-02-2023, 19:56:13",No Subject,"(REPLY) >>436686141
I remember seeing a thread were the response to the 'revalition' wasn't fake surprise that wouldn't fool an 8 year old but a: ""I knew"" so the nigger troon reported that roommate for racism because he clearly looked like woman and the roommate was just accidentally right trough racism. 

Best is to avoid troons as best as you can.",Anonymous,False,http://boards.4chan.org/pol/thread/436683510/fascists-will-defend-this-act-of-violence#p436686636
436686677,"Aug-02-2023, 19:56:38",No Subject,"(REPLY) >>436686087
Fuck yeah",Anonymous,False,http://boards.4chan.org/pol/thread/436683510/fascists-will-defend-this-act-of-violence#p436686677
436686731,"Aug-02-2023, 19:57:17",No Subject,"(REPLY) >>436686097
>We don't have special a special army for schizo's who think they're Napoleon either.
lol thats what you think",Anonymous,False,http://boards.4chan.org/pol/thread/436683510/fascists-will-defend-this-act-of-violence#p436686731
436686807,"Aug-02-2023, 19:58:07",No Subject,"(REPLY) >>436685833
>Change room",Anonymous,False,http://boards.4chan.org/pol/thread/436683510/fascists-will-defend-this-act-of-violence#p436686807
436686916,"Aug-02-2023, 19:59:20",No Subject,"(REPLY) >>436686807
Trump sickenly staring at fresh pink pussy pie",Anonymous,False,http://boards.4chan.org/pol/thread/436683510/fascists-will-defend-this-act-of-violence#p436686916
436686945,"Aug-02-2023, 19:59:42",No Subject,"(REPLY) >>436686807
Ah, that's the orange retard I fell for in 2016....I miss that guy.",Anonymous,False,http://boards.4chan.org/pol/thread/436683510/fascists-will-defend-this-act-of-violence#p436686945
436686953,"Aug-02-2023, 19:59:47",No Subject,"(REPLY) >>436686141
It’s funny how despite wanting to imitate women as much as they can, trannies still don’t get how the female mind works. Women are hardwired to avoid confrontation. If his female coworker had told him she knew he was a troon the whole time, he’d be offended and yell at her, which is why she acted surprised.",Anonymous,False,http://boards.4chan.org/pol/thread/436683510/fascists-will-defend-this-act-of-violence#p436686953
436686978,"Aug-02-2023, 20:00:05",No Subject,"(REPLY) >>436686731
>We don't special a special army for schizo's who think they're like Napoleon either
>a special a special army for schizo's",Anonymous,False,http://boards.4chan.org/pol/thread/436683510/fascists-will-defend-this-act-of-violence#p436686978
436686991,"Aug-02-2023, 20:00:13",No Subject,"(REPLY) >>436685784
fify bb, muah
post ur microbepis pls.",Anonymous,False,http://boards.4chan.org/pol/thread/436683510/fascists-will-defend-this-act-of-violence#p436686991
436687090,"Aug-02-2023, 20:01:17",No Subject,"(REPLY) >>436686945
because he normalized your pedophilia?

>>436686731
we have a special bowl & tank for them, we call it a WaterLoo",Anonymous,False,http://boards.4chan.org/pol/thread/436683510/fascists-will-defend-this-act-of-violence#p436687090
436687102,"Aug-02-2023, 20:01:23",No Subject,"(REPLY) >>436683510
Kys..keep demented men out of my daughters bathrooms.",Anonymous,False,http://boards.4chan.org/pol/thread/436683510/fascists-will-defend-this-act-of-violence#p436687102
436687126,"Aug-02-2023, 20:01:39",No Subject,"(REPLY) >>436686807
Kentucky is best girl.",Anonymous,False,http://boards.4chan.org/pol/thread/436683510/fascists-will-defend-this-act-of-violence#p436687126
436687160,"Aug-02-2023, 20:02:09",No Subject,"(REPLY) >>436683510
Crazy transvestite men are still men.",Anonymous,False,http://boards.4chan.org/pol/thread/436683510/fascists-will-defend-this-act-of-violence#p436687160
436687203,"Aug-02-2023, 20:02:30",No Subject,"(REPLY) >>436686978
That's what you think",Anonymous,False,http://boards.4chan.org/pol/thread/436683510/fascists-will-defend-this-act-of-violence#p436687203
436687231,"Aug-02-2023, 20:02:45",No Subject,"(REPLY) >>436683510
>now trans women have to face this
As opposed to when? Did trannies previously have their own separate bathrooms? Where did trannies used to shit and piss before this?",Anonymous,False,http://boards.4chan.org/pol/thread/436683510/fascists-will-defend-this-act-of-violence#p436687231
436687238,"Aug-02-2023, 20:02:48",No Subject,"(REPLY) >>436683510
>>436683627
Here",Anonymous,False,http://boards.4chan.org/pol/thread/436683510/fascists-will-defend-this-act-of-violence#p436687238
436687327,"Aug-02-2023, 20:03:45",No Subject,"(REPLY) >>436684223
Faggot + pedophile = tranny.",Anonymous,False,http://boards.4chan.org/pol/thread/436683510/fascists-will-defend-this-act-of-violence#p436687327
436687355,"Aug-02-2023, 20:04:09",No Subject,"(REPLY) >>436687238
top kek",Anonymous,False,http://boards.4chan.org/pol/thread/436683510/fascists-will-defend-this-act-of-violence#p436687355
436687436,"Aug-02-2023, 20:05:09",No Subject,"(REPLY) >>436683510
You reap what you sow",Anonymous,False,http://boards.4chan.org/pol/thread/436683510/fascists-will-defend-this-act-of-violence#p436687436
436687480,"Aug-02-2023, 20:05:41",No Subject,"(REPLY) >>436685231
this anon knows. adding qualifiers is a typical sign of attempted marxo-judeo nuspeak subversion",Anonymous,False,http://boards.4chan.org/pol/thread/436683510/fascists-will-defend-this-act-of-violence#p436687480
436687568,"Aug-02-2023, 20:06:50",No Subject,"(REPLY) >>436684223

Cut your dick off 
>Advanced biology",Anonymous,False,http://boards.4chan.org/pol/thread/436683510/fascists-will-defend-this-act-of-violence#p436687568
436687589,"Aug-02-2023, 20:07:11",No Subject,"(REPLY) >>436683510
Oh please. That's their fantasy. They are secretly hoping that they'll get ""raped"" because they are all degenerate faggots.",Anonymous,False,http://boards.4chan.org/pol/thread/436683510/fascists-will-defend-this-act-of-violence#p436687589
436687640,"Aug-02-2023, 20:07:48",No Subject,"(REPLY) >>436683510
What's the problem? We have a male in a male restroom with other males.",Anonymous,False,http://boards.4chan.org/pol/thread/436683510/fascists-will-defend-this-act-of-violence#p436687640
436687747,"Aug-02-2023, 20:08:56",No Subject,"(REPLY) >>436683510
What's the problem? Are men inherently dangerous?",Anonymous,False,http://boards.4chan.org/pol/thread/436683510/fascists-will-defend-this-act-of-violence#p436687747
436687816,"Aug-02-2023, 20:09:35",No Subject,"suck to be trans. now go eat da poo poo.

https://m.youtube.com/watch?v=XOB5syfDOB0",Anonymous,False,http://boards.4chan.org/pol/thread/436683510/fascists-will-defend-this-act-of-violence#p436687816
436687845,"Aug-02-2023, 20:09:57",No Subject,"(REPLY) >>436685004
More like a board for rabbis, rabbi.",Anonymous,False,http://boards.4chan.org/pol/thread/436683510/fascists-will-defend-this-act-of-violence#p436687845
436687878,"Aug-02-2023, 20:10:19",No Subject,"(REPLY) >>436686097
>We don't have special a special army for schizo's who think they're Napoleon either.
He doesn't know",Anonymous,False,http://boards.4chan.org/pol/thread/436683510/fascists-will-defend-this-act-of-violence#p436687878
436687907,"Aug-02-2023, 20:10:43",No Subject,"(REPLY) >>436684223
Okay, I'll bite your advanced biology bait.
Define 'woman' without using circular reasoning.",Anonymous,False,http://boards.4chan.org/pol/thread/436683510/fascists-will-defend-this-act-of-violence#p436687907
436687984,"Aug-02-2023, 20:11:40",No Subject,"(REPLY) >>436683510
>become a disgusting tranny
>cry victim over the situation of your own creation

no wonder jews like trans. so much in common.",Anonymous,False,http://boards.4chan.org/pol/thread/436683510/fascists-will-defend-this-act-of-violence#p436687984
436688011,"Aug-02-2023, 20:11:52",No Subject,"(REPLY) >>436687589
 You'd be surprised actually. It depends whether a tranny is AGP or homosexual. AGP trannies legitimately fear men's bathrooms because they're not attracted to men. These are the delusional troll-beast in skirts who think that they're ""lesbians"". AGP trannies are the majority and the most visible and typically the ugliest and most obvious.

 Homosexual trannies are a minority and are basically just super effete gay men taking their extreme effeminacy to its logical conclusion. These troons make far more of an effort to look pretty and female because for them its all about getting the dick. They don't make as much of a noise about bathrooms because they've long since been slipping into men's bathrooms to suck dick.",Anonymous,False,http://boards.4chan.org/pol/thread/436683510/fascists-will-defend-this-act-of-violence#p436688011
436688012,"Aug-02-2023, 20:11:53",No Subject,"(REPLY) >>436683510
Maybe they should stay in their faggot places. You dont see the majority of white people going into black bars and there is a reason for that.",Anonymous,False,http://boards.4chan.org/pol/thread/436683510/fascists-will-defend-this-act-of-violence#p436688012
436688018,"Aug-02-2023, 20:11:56",No Subject,"(REPLY) >>436683510
Transwomen don’t exist because they’re men. Imagine women having to put up with such disrespect. Putting on a dress and wig and pretending to sound like a girl doesn’t make you a woman, it makes you mentally ill.",Anonymous,False,http://boards.4chan.org/pol/thread/436683510/fascists-will-defend-this-act-of-violence#p436688018
436688027,"Aug-02-2023, 20:12:00",No Subject,"(REPLY) >>436683669
kek underrated",Anonymous,False,http://boards.4chan.org/pol/thread/436683510/fascists-will-defend-this-act-of-violence#p436688027
436688137,"Aug-02-2023, 20:13:13",No Subject,Rope that nigger,Anonymous,False,http://boards.4chan.org/pol/thread/436683510/fascists-will-defend-this-act-of-violence#p436688137
436688157,"Aug-02-2023, 20:13:21",No Subject,"(REPLY) >>436686097
>>436687878
Bro's you're scaring me. I have so little faith in humanity left. Please don't take it away.",Anonymous,False,http://boards.4chan.org/pol/thread/436683510/fascists-will-defend-this-act-of-violence#p436688157
436688208,"Aug-02-2023, 20:13:59",No Subject,"(REPLY) >>436683669
Mucho kek",Anonymous,False,http://boards.4chan.org/pol/thread/436683510/fascists-will-defend-this-act-of-violence#p436688208
436688284,"Aug-02-2023, 20:14:38",No Subject,"(REPLY) >>436683510
that just shows they should have their own unisex bathroom",Anonymous,False,http://boards.4chan.org/pol/thread/436683510/fascists-will-defend-this-act-of-violence#p436688284
436688315,"Aug-02-2023, 20:14:58",No Subject,"(REPLY) >>436683510
They’re far more likely to hurt themselves",Anonymous,False,http://boards.4chan.org/pol/thread/436683510/fascists-will-defend-this-act-of-violence#p436688315
436688406,"Aug-02-2023, 20:15:56",No Subject,they put themselves in that position by being tranny freaks,Anonymous,False,http://boards.4chan.org/pol/thread/436683510/fascists-will-defend-this-act-of-violence#p436688406
436688449,"Aug-02-2023, 20:16:27",No Subject,"(REPLY) >>436684714
>DON'T CROSS DRESS IN PUBLIC
Fucking this.
Why can't these weirdos keep their kink to themselves and other internet perverts?",Anonymous,False,http://boards.4chan.org/pol/thread/436683510/fascists-will-defend-this-act-of-violence#p436688449
436688482,"Aug-02-2023, 20:16:39",No Subject,(REPLY) >>436683510,Anonymous,False,http://boards.4chan.org/pol/thread/436683510/fascists-will-defend-this-act-of-violence#p436688482
436688559,"Aug-02-2023, 20:17:29",No Subject,"(REPLY) >>436686953
i really dont get how women are pissed off by that, they take the worst traits of women and inflate them massively and go just off stereotypes",Anonymous,False,http://boards.4chan.org/pol/thread/436683510/fascists-will-defend-this-act-of-violence#p436688559
436688573,"Aug-02-2023, 20:17:36",No Subject,Mfw tranny enters,Anonymous,False,http://boards.4chan.org/pol/thread/436683510/fascists-will-defend-this-act-of-violence#p436688573
436688598,"Aug-02-2023, 20:17:44",No Subject,"(REPLY) >>436683510
Wouldn't those guys just laugh at the non-passing tranny? I'd be hard-pressed to keep a straight face looking at a freak in a dress and wig.",Anonymous,False,http://boards.4chan.org/pol/thread/436683510/fascists-will-defend-this-act-of-violence#p436688598
436688609,"Aug-02-2023, 20:17:50",No Subject,"(REPLY) >>436683510
Then dont be trans",Anonymous,False,http://boards.4chan.org/pol/thread/436683510/fascists-will-defend-this-act-of-violence#p436688609
436688637,"Aug-02-2023, 20:18:18",No Subject,>pol wants me to use men's bathroom,Anonymous,False,http://boards.4chan.org/pol/thread/436683510/fascists-will-defend-this-act-of-violence#p436688637
436688666,"Aug-02-2023, 20:18:39",No Subject,"(REPLY) >>436685979
Is it?",Anonymous,False,http://boards.4chan.org/pol/thread/436683510/fascists-will-defend-this-act-of-violence#p436688666
436688701,"Aug-02-2023, 20:19:02",No Subject,"(REPLY) >>436688573
ummm based",Anonymous,False,http://boards.4chan.org/pol/thread/436683510/fascists-will-defend-this-act-of-violence#p436688701
436688703,"Aug-02-2023, 20:19:04",No Subject,"(REPLY) >>436688284
Handicapped Bathroom.
As you can CLEARLY SEE
a TransWomen is NUTS.",Anonymous,False,http://boards.4chan.org/pol/thread/436683510/fascists-will-defend-this-act-of-violence#p436688703
436688711,"Aug-02-2023, 20:19:08",No Subject,"(REPLY) >>436683510
Yes, trannies should be beaten and raped.",Anonymous,False,http://boards.4chan.org/pol/thread/436683510/fascists-will-defend-this-act-of-violence#p436688711
436688712,"Aug-02-2023, 20:19:08",No Subject,"(REPLY) >>436683785
So true!
https://archive.org/details/iygagtw-ebook-review-copy",Anonymous,False,http://boards.4chan.org/pol/thread/436683510/fascists-will-defend-this-act-of-violence#p436688712
436688782,"Aug-02-2023, 20:19:56",No Subject,"(REPLY) >>436687907
The gender woman is a disposition. woman biologically is 'assigned' sex. Gender is like an electrical current, fluid and it will fuck you up if you mess with it buddy.",Anonymous,False,http://boards.4chan.org/pol/thread/436683510/fascists-will-defend-this-act-of-violence#p436688782
436688857,"Aug-02-2023, 20:20:51",No Subject,"(REPLY) >>436683510
>pictured transman about to be raped by two transwomen.",Anonymous,False,http://boards.4chan.org/pol/thread/436683510/fascists-will-defend-this-act-of-violence#p436688857
436689035,"Aug-02-2023, 20:22:42",No Subject,"(REPLY) >>436688782
Check out a book called ""Voluptuous Panic,"" written by a gay man who actually referred to the period with degeneracy like child prostitution as a ""lost paradise of libertine sexual freedom""

https://www.ranker.com/list/weimar-republic/lea-rose-emery

Honestly sometimes you have to thank the opposition for being so unabashedly proud of what they want, because it very could have been hidden and inaccessible to the general public. But no, there it is, sitting out in the open. The end goal of the degeneracy push, Weimar Berlin

https://www.salon.com/2000/11/22/weimar/

""Indeed, the sheer variety of odd sexual tastes Gordon documents in ""Voluptuous Panic"" is astonishing. For instance, Gordon identifies 16 different types of prostitutes, including ""telephone girls,"" enormously expensive child prostitutes labeled ""Marlene Dietrichs"" or ""Lillian Harveys"" according to their physical attributes. These girls could be ordered by phone and delivered by taxi to the client.""

""Practically any kink or desire could be carried out in Berlin at this time, and it didn't always have to involve a human partner. Italian journalist Luigi Barzini describes possibly the most unusual sex act in the Weimar Republic that involved a goose:


I saw pimps offering anything to anybody: little boys, little girls, robust young men, libidinous women, animals. The story went the rounds that a male goose whose neck you cut at just the right ecstatic moment would give you the most delicious frisson of all—as it allowed you to enjoy sodomy, bestiality, homosexuality, necrophilia and sadism at one stroke.""
 (You) (You) (You) (You) (You) (You) (You) (You) (You) (You) (You) (You) (You) (You) (You) 
https://historycollection.com/17-reasons-why-germanys-weimar-republic-was-a-party-lovers-paradise/9/
(You) (You) (You) (You) (You) (You) (You) (You) (You)(You)(You) (You) (You) (You) (You)(You)
https://legiochristi.com/static/lit/Voluptuous_Panic.pdf",Anonymous,False,http://boards.4chan.org/pol/thread/436683510/fascists-will-defend-this-act-of-violence#p436689035
436689067,"Aug-02-2023, 20:23:04",No Subject,"(REPLY) >>436684223
Puberty doesn’t have a 50% suicide rate",Anonymous,False,http://boards.4chan.org/pol/thread/436683510/fascists-will-defend-this-act-of-violence#p436689067
436689081,"Aug-02-2023, 20:23:17",No Subject,"(REPLY) >>436688637
Same tits as my ex",Anonymous,False,http://boards.4chan.org/pol/thread/436683510/fascists-will-defend-this-act-of-violence#p436689081
436689135,"Aug-02-2023, 20:23:54",No Subject,"(REPLY) >>436688637
>/pol/ wants to use me in the men's bathhouse
ftfy",Anonymous,False,http://boards.4chan.org/pol/thread/436683510/fascists-will-defend-this-act-of-violence#p436689135
436689171,"Aug-02-2023, 20:24:23",No Subject,(REPLY) >>436688637,Anonymous,False,http://boards.4chan.org/pol/thread/436683510/fascists-will-defend-this-act-of-violence#p436689171
436689233,"Aug-02-2023, 20:25:05",No Subject,"(REPLY) >>436684223
Politicians writing in the Puberty act to stop 'Trans Kids':",Anonymous,False,http://boards.4chan.org/pol/thread/436683510/fascists-will-defend-this-act-of-violence#p436689233
436689244,"Aug-02-2023, 20:25:14",No Subject,"(REPLY) >>436688637
You deserve to be raped tranny faggot.",Anonymous,False,http://boards.4chan.org/pol/thread/436683510/fascists-will-defend-this-act-of-violence#p436689244
436689271,"Aug-02-2023, 20:25:31",No Subject,"(REPLY) >>436689081
Hot, thanks 

>>436689135
You want me to suck your cock, I know it 
Well im a top so you will suck mine",Anonymous,False,http://boards.4chan.org/pol/thread/436683510/fascists-will-defend-this-act-of-violence#p436689271
436689423,"Aug-02-2023, 20:26:49",No Subject,"(REPLY) >>436683510
No, dude, you cannot go in the women's restroom.",Anonymous,False,http://boards.4chan.org/pol/thread/436683510/fascists-will-defend-this-act-of-violence#p436689423
436689505,"Aug-02-2023, 20:27:45",No Subject,"(REPLY) >>436689271
>Well im a top so you will suck mine
lmao, good luck",Anonymous,False,http://boards.4chan.org/pol/thread/436683510/fascists-will-defend-this-act-of-violence#p436689505
436689509,"Aug-02-2023, 20:27:48",No Subject,"(REPLY) >>436689244
I'm literally laying in bed in full lingerie rn, yah I wanna get raped",Anonymous,False,http://boards.4chan.org/pol/thread/436683510/fascists-will-defend-this-act-of-violence#p436689509
436689646,"Aug-02-2023, 20:29:26",No Subject,"(REPLY) >>436689271
would but i know you're just larp posting some shemale you found on onlyfans 
you aren't even trans",Anonymous,False,http://boards.4chan.org/pol/thread/436683510/fascists-will-defend-this-act-of-violence#p436689646
436689667,"Aug-02-2023, 20:29:39",No Subject,"(REPLY) >>436688637
I don't want you to use any bathroom, you're an animal go shit outside",Anonymous,False,http://boards.4chan.org/pol/thread/436683510/fascists-will-defend-this-act-of-violence#p436689667
436689716,"Aug-02-2023, 20:30:20",No Subject,"(REPLY) >>436689509
Actually I really wanna mock Justin Trudeau hahaha faggot can't keep and country or family together. Wish jordan peterson would run",Anonymous,False,http://boards.4chan.org/pol/thread/436683510/fascists-will-defend-this-act-of-violence#p436689716
436689750,"Aug-02-2023, 20:30:52",No Subject,"(REPLY) >>436683510
Trans women look like men though.
Why are they portraying a female appearance?",Anonymous,False,http://boards.4chan.org/pol/thread/436683510/fascists-will-defend-this-act-of-violence#p436689750
436689765,"Aug-02-2023, 20:31:06",No Subject,"(REPLY) >>436689667
>you're an animal go shit outside
Hot, put a leash on me daddy",Anonymous,False,http://boards.4chan.org/pol/thread/436683510/fascists-will-defend-this-act-of-violence#p436689765
436689892,"Aug-02-2023, 20:32:44",No Subject,"(REPLY) >>436689750
Yeah I'm like sooo masculine",Anonymous,False,http://boards.4chan.org/pol/thread/436683510/fascists-will-defend-this-act-of-violence#p436689892
436689968,"Aug-02-2023, 20:33:38",No Subject,"(REPLY) >>436689765
You'll have a chain around your neck all right",Anonymous,False,http://boards.4chan.org/pol/thread/436683510/fascists-will-defend-this-act-of-violence#p436689968
436689997,"Aug-02-2023, 20:34:03",No Subject,"(REPLY) >>436689892
We know that's not you.
>>436689646",Anonymous,False,http://boards.4chan.org/pol/thread/436683510/fascists-will-defend-this-act-of-violence#p436689997
436690009,"Aug-02-2023, 20:34:13",No Subject,"(REPLY) >>436683510
Of course I will, it's obvious the troon is really one of their ex members who snitched on the feds costing their operation of over 50 million to go to the shredder, now imagine the people you fucked over happen to be in the same men's bathroom you're trying to do your troon stunt with.",Anonymous,False,http://boards.4chan.org/pol/thread/436683510/fascists-will-defend-this-act-of-violence#p436690009
436690047,"Aug-02-2023, 20:34:34",No Subject,"(REPLY) >>436689968
Fag drag?",Anonymous,False,http://boards.4chan.org/pol/thread/436683510/fascists-will-defend-this-act-of-violence#p436690047
436690070,"Aug-02-2023, 20:34:55",No Subject,Trans woman=woman on testosterone.,Anonymous,False,http://boards.4chan.org/pol/thread/436683510/fascists-will-defend-this-act-of-violence#p436690070
436690138,"Aug-02-2023, 20:35:44",No Subject,"(REPLY) >>436689892
Nice LARP lmfao. This definitely aint you",Anonymous,False,http://boards.4chan.org/pol/thread/436683510/fascists-will-defend-this-act-of-violence#p436690138
436690180,"Aug-02-2023, 20:36:16",No Subject,"(REPLY) >>436683510
Dont tell me sissy cd slut doesnt want to get used by older truckers",Anonymous,False,http://boards.4chan.org/pol/thread/436683510/fascists-will-defend-this-act-of-violence#p436690180
436690208,"Aug-02-2023, 20:36:35",No Subject,so true! whiteboi incels don't accept the fact that theyre eggs waiting to be cracked~,Anonymous,False,http://boards.4chan.org/pol/thread/436683510/fascists-will-defend-this-act-of-violence#p436690208
436690278,"Aug-02-2023, 20:37:24",No Subject,"(REPLY) >>436683510
I use the men's restroom all the time",D. A. G. I. A.,False,http://boards.4chan.org/pol/thread/436683510/fascists-will-defend-this-act-of-violence#p436690278
436690283,"Aug-02-2023, 20:37:26",No Subject,"(REPLY) >>436683510
My grandmother had this phobia about public restrooms, hygiene related I think. She just made sure she didn't have to use public restrooms. What she didn't was try to force society to change to suit her neuroses. Wake me up when people start forcing you into bathrooms instead of you voluntarily walking in there on your own accord.",Anonymous,False,http://boards.4chan.org/pol/thread/436683510/fascists-will-defend-this-act-of-violence#p436690283
436690396,"Aug-02-2023, 20:38:42",No Subject,(REPLY) >>436683510,Anonymous,False,http://boards.4chan.org/pol/thread/436683510/fascists-will-defend-this-act-of-violence#p436690396
436690414,"Aug-02-2023, 20:38:53",No Subject,"(REPLY) >>436688637
>that awful circumcision scar

this persons already mutilated",Anonymous,False,http://boards.4chan.org/pol/thread/436683510/fascists-will-defend-this-act-of-violence#p436690414
436690519,"Aug-02-2023, 20:40:23",No Subject,"(REPLY) >>436689271
>Well im a top
Kek no sweetie you're a bimbo tranny slut and I'll treat you like the cumdumpster your dad made you into",Anonymous,False,http://boards.4chan.org/pol/thread/436683510/fascists-will-defend-this-act-of-violence#p436690519
436690577,"Aug-02-2023, 20:40:56",No Subject,"(REPLY) >>436688637
I want you to stay home and not bother normal people.",Anonymous,False,http://boards.4chan.org/pol/thread/436683510/fascists-will-defend-this-act-of-violence#p436690577
436690645,"Aug-02-2023, 20:41:45",No Subject,"(REPLY) >>436688637
You made the choice now accept the consequences.",Anonymous,False,http://boards.4chan.org/pol/thread/436683510/fascists-will-defend-this-act-of-violence#p436690645
436690705,"Aug-02-2023, 20:42:33",No Subject,"(REPLY) >>436683510
Encouraging insanity doesn't make you any better.",Anonymous,False,http://boards.4chan.org/pol/thread/436683510/fascists-will-defend-this-act-of-violence#p436690705
436690802,"Aug-02-2023, 20:43:41",No Subject,"(REPLY) >>436684223
Actual biologist here, you can't change your gender and theirs no such thing as being the wrong gender in your brain.",Anonymous,False,http://boards.4chan.org/pol/thread/436683510/fascists-will-defend-this-act-of-violence#p436690802
436690806,"Aug-02-2023, 20:43:43",No Subject,"(REPLY) >>436683510
Except if you're a trans person that passes, you can use the women's room and nobody will bat an eye. If you don't pass, I don't disagree that you might encounter some guys that will make you feel uncomfortable, but their own ghoulish appearance will 100% make the women in the women's room feel uncomfortable, and that's absolutely not OK.",sage,False,http://boards.4chan.org/pol/thread/436683510/fascists-will-defend-this-act-of-violence#p436690806
436690835,"Aug-02-2023, 20:44:05",No Subject,"(REPLY) >>436683510
>fascists will defend this act of violence.
JUST INSTALL THIRD TRANSGENDER ONLY BATHROOMS
EVERYBODY STAYS SAFE",Anonymous,False,http://boards.4chan.org/pol/thread/436683510/fascists-will-defend-this-act-of-violence#p436690835
436690886,"Aug-02-2023, 20:44:39",No Subject,"(REPLY) >>436690806
literally zero trannies pass",Anonymous,False,http://boards.4chan.org/pol/thread/436683510/fascists-will-defend-this-act-of-violence#p436690886
436691145,"Aug-02-2023, 20:47:57",No Subject,"(REPLY) >>436684223
puberty is a natural biological change, not a forced one like a sex change.",Anonymous,False,http://boards.4chan.org/pol/thread/436683510/fascists-will-defend-this-act-of-violence#p436691145
436691220,"Aug-02-2023, 20:48:52",No Subject,"(REPLY) >>436683876
peak zoomer humor",Anonymous,False,http://boards.4chan.org/pol/thread/436683510/fascists-will-defend-this-act-of-violence#p436691220
436691239,"Aug-02-2023, 20:49:06",No Subject,femboys should use the men’s room.,Anonymous,False,http://boards.4chan.org/pol/thread/436683510/fascists-will-defend-this-act-of-violence#p436691239
436691241,"Aug-02-2023, 20:49:07",No Subject,"(REPLY) >>436683510
Ever wonder why we didn't have troons a hundred years ago?",Anonymous,False,http://boards.4chan.org/pol/thread/436683510/fascists-will-defend-this-act-of-violence#p436691241
436691242,"Aug-02-2023, 20:49:08",No Subject,"(REPLY) >>436683510
FTFY",Anonymous,False,http://boards.4chan.org/pol/thread/436683510/fascists-will-defend-this-act-of-violence#p436691242
436691401,"Aug-02-2023, 20:51:05",No Subject,"(REPLY) >>436689892
Nice 5oclock shadow dude",Anonymous,False,http://boards.4chan.org/pol/thread/436683510/fascists-will-defend-this-act-of-violence#p436691401
436691621,"Aug-02-2023, 20:53:51",No Subject,"(REPLY) >>436690414
Inb4 the coping",Anonymous,False,http://boards.4chan.org/pol/thread/436683510/fascists-will-defend-this-act-of-violence#p436691621
436691646,"Aug-02-2023, 20:54:06",No Subject,"(REPLY) >>436691242
HOLY FUCKING NIGGER COCK!
THAT IS LITERALLY REAL LIFE!",Anonymous,False,http://boards.4chan.org/pol/thread/436683510/fascists-will-defend-this-act-of-violence#p436691646
